timestamp,hour,dow,is_weekend,month,traffic_flow_vph,mean_speed_kmh,hdv_fraction,wind_speed_ms,wind_dir_deg,temp_c,humidity_pct,mixing_height_m,pm25_ugm3,no2_ugm3
2025-09-01 00:00:00,0,0,0,9,117.0,34.7,0.079,1.59,86.0,6.6,76.0,428.0,9.92,23.65
2025-09-01 01:00:00,1,0,0,9,182.0,34.3,0.077,1.92,236.0,4.2,67.0,422.0,8.34,28.18
2025-09-01 02:00:00,2,0,0,9,128.0,35.7,0.08,6.47,108.0,8.6,72.0,243.0,8.36,14.22
2025-09-01 03:00:00,3,0,0,9,185.0,36.3,0.099,3.7,288.0,6.8,67.0,434.0,8.35,23.17
2025-09-01 04:00:00,4,0,0,9,143.0,36.6,0.096,8.4,27.0,8.7,75.0,343.0,9.95,13.57
2025-09-01 05:00:00,5,0,0,9,261.0,38.5,0.106,3.18,51.0,11.3,75.0,277.0,13.23,28.36
2025-09-01 06:00:00,6,0,0,9,495.0,28.4,0.142,2.9,125.0,10.9,70.0,331.0,9.31,39.26
2025-09-01 07:00:00,7,0,0,9,875.0,26.5,0.14,1.5,151.0,13.8,70.0,555.0,18.39,71.86
2025-09-01 08:00:00,8,0,0,9,982.0,25.9,0.104,0.88,335.0,14.7,65.0,488.0,27.81,132.41
2025-09-01 09:00:00,9,0,0,9,885.0,25.0,0.096,4.05,224.0,14.9,75.0,809.0,9.71,26.31
2025-09-01 10:00:00,10,0,0,9,614.0,27.6,0.093,6.2,26.0,17.2,72.0,948.0,8.81,20.96
2025-09-01 11:00:00,11,0,0,9,427.0,31.4,0.073,4.2,110.0,15.0,67.0,970.0,8.7,11.23
2025-09-01 12:00:00,12,0,0,9,329.0,30.4,0.076,1.4,145.0,16.7,64.0,853.0,8.71,22.26
2025-09-01 13:00:00,13,0,0,9,292.0,35.0,0.072,3.24,99.0,15.4,66.0,915.0,6.09,14.08
2025-09-01 14:00:00,14,0,0,9,288.0,35.7,0.074,0.93,95.0,13.9,67.0,896.0,11.54,27.5
2025-09-01 15:00:00,15,0,0,9,413.0,33.1,0.092,3.41,115.0,14.1,71.0,778.0,10.6,21.43
2025-09-01 16:00:00,16,0,0,9,612.0,28.1,0.074,3.26,8.0,12.0,73.0,660.0,9.2,22.55
2025-09-01 17:00:00,17,0,0,9,925.0,22.2,0.091,4.03,331.0,11.4,66.0,534.0,14.39,30.54
2025-09-01 18:00:00,18,0,0,9,976.0,22.5,0.083,2.41,221.0,10.9,72.0,348.0,16.06,70.22
2025-09-01 19:00:00,19,0,0,9,807.0,27.8,0.077,1.63,168.0,8.2,76.0,276.0,24.81,103.77
2025-09-01 20:00:00,20,0,0,9,607.0,29.9,0.087,7.2,24.0,7.4,74.0,392.0,10.82,19.52
2025-09-01 21:00:00,21,0,0,9,304.0,31.4,0.057,5.71,230.0,7.0,76.0,394.0,9.03,14.59
2025-09-01 22:00:00,22,0,0,9,148.0,34.5,0.098,1.88,152.0,6.6,70.0,398.0,8.14,20.88
2025-09-01 23:00:00,23,0,0,9,105.0,36.2,0.055,1.19,86.0,9.0,80.0,557.0,8.2,15.27
2025-09-02 00:00:00,0,1,0,9,159.0,32.9,0.086,4.3,158.0,6.7,69.0,428.0,9.22,20.99
2025-09-02 01:00:00,1,1,0,9,184.0,34.9,0.085,5.18,90.0,6.9,76.0,234.0,9.05,19.8
2025-09-02 02:00:00,2,1,0,9,169.0,34.6,0.074,1.68,231.0,8.8,73.0,342.0,7.45,26.6
2025-09-02 03:00:00,3,1,0,9,181.0,34.2,0.104,1.38,118.0,8.3,70.0,186.0,15.41,49.69
2025-09-02 04:00:00,4,1,0,9,175.0,31.1,0.122,5.13,153.0,7.8,71.0,258.0,10.75,18.41
2025-09-02 05:00:00,5,1,0,9,276.0,32.0,0.138,2.65,312.0,9.4,79.0,265.0,7.2,37.97
2025-09-02 06:00:00,6,1,0,9,476.0,31.8,0.127,5.98,105.0,11.2,67.0,303.0,9.43,25.7
2025-09-02 07:00:00,7,1,0,9,790.0,26.6,0.132,2.76,296.0,10.0,66.0,454.0,13.33,44.13
2025-09-02 08:00:00,8,1,0,9,1057.0,22.0,0.111,2.53,220.0,13.9,73.0,680.0,15.7,46.62
2025-09-02 09:00:00,9,1,0,9,858.0,26.9,0.088,1.2,326.0,14.8,63.0,836.0,16.16,50.0
2025-09-02 10:00:00,10,1,0,9,588.0,28.8,0.089,4.91,158.0,14.5,66.0,799.0,9.57,27.29
2025-09-02 11:00:00,11,1,0,9,400.0,32.3,0.086,7.48,164.0,16.9,75.0,935.0,6.49,16.42
2025-09-02 12:00:00,12,1,0,9,316.0,35.2,0.081,2.4,193.0,15.4,63.0,988.0,8.62,21.89
2025-09-02 13:00:00,13,1,0,9,337.0,34.2,0.089,5.03,8.0,17.7,68.0,945.0,9.47,17.42
2025-09-02 14:00:00,14,1,0,9,309.0,33.6,0.071,6.45,279.0,14.2,75.0,882.0,6.17,16.04
2025-09-02 15:00:00,15,1,0,9,396.0,32.4,0.087,2.77,269.0,14.0,68.0,790.0,6.97,19.7
2025-09-02 16:00:00,16,1,0,9,621.0,28.7,0.082,3.07,189.0,13.2,73.0,683.0,12.66,26.1
2025-09-02 17:00:00,17,1,0,9,967.0,21.3,0.095,1.78,324.0,11.6,78.0,532.0,17.41,69.28
2025-09-02 18:00:00,18,1,0,9,1039.0,22.4,0.075,1.9,34.0,10.5,78.0,263.0,25.03,110.09
2025-09-02 19:00:00,19,1,0,9,887.0,23.4,0.09,5.05,28.0,10.1,71.0,452.0,9.11,29.18
2025-09-02 20:00:00,20,1,0,9,590.0,28.7,0.08,6.25,42.0,9.6,73.0,410.0,10.1,23.35
2025-09-02 21:00:00,21,1,0,9,375.0,31.0,0.096,3.16,292.0,7.8,68.0,385.0,11.49,26.74
2025-09-02 22:00:00,22,1,0,9,152.0,36.2,0.061,2.13,347.0,5.1,77.0,341.0,9.9,19.5
2025-09-02 23:00:00,23,1,0,9,175.0,35.6,0.069,3.48,230.0,6.7,79.0,534.0,9.18,13.88
2025-09-03 00:00:00,0,2,0,9,153.0,34.2,0.082,6.67,245.0,6.3,69.0,353.0,9.32,11.0
2025-09-03 01:00:00,1,2,0,9,96.0,35.5,0.083,3.04,73.0,6.0,74.0,349.0,7.62,17.7
2025-09-03 02:00:00,2,2,0,9,113.0,36.1,0.082,0.53,339.0,8.0,75.0,500.0,8.28,31.31
2025-09-03 03:00:00,3,2,0,9,140.0,37.1,0.096,2.75,201.0,7.4,74.0,376.0,8.85,17.56
2025-09-03 04:00:00,4,2,0,9,113.0,32.8,0.125,1.58,206.0,9.9,72.0,452.0,9.82,24.93
2025-09-03 05:00:00,5,2,0,9,315.0,32.4,0.138,3.82,193.0,10.1,70.0,280.0,10.05,25.09
2025-09-03 06:00:00,6,2,0,9,496.0,30.4,0.129,3.54,343.0,8.8,74.0,285.0,12.93,44.1
2025-09-03 07:00:00,7,2,0,9,819.0,24.6,0.137,2.48,138.0,10.6,64.0,373.0,16.08,67.38
2025-09-03 08:00:00,8,2,0,9,1059.0,22.7,0.111,4.0,174.0,14.9,69.0,614.0,13.33,35.88
2025-09-03 09:00:00,9,2,0,9,859.0,26.4,0.108,6.3,321.0,14.2,70.0,727.0,9.27,22.31
2025-09-03 10:00:00,10,2,0,9,561.0,30.0,0.094,0.81,23.0,16.4,72.0,903.0,14.4,54.2
2025-09-03 11:00:00,11,2,0,9,401.0,33.8,0.088,5.08,347.0,15.9,65.0,977.0,11.05,20.5
2025-09-03 12:00:00,12,2,0,9,345.0,35.6,0.073,3.29,183.0,16.2,71.0,1071.0,7.58,18.67
2025-09-03 13:00:00,13,2,0,9,306.0,33.9,0.072,3.3,357.0,16.2,70.0,1045.0,6.21,15.14
2025-09-03 14:00:00,14,2,0,9,358.0,32.8,0.068,1.94,345.0,15.0,63.0,760.0,8.77,24.81
2025-09-03 15:00:00,15,2,0,9,386.0,30.5,0.086,1.7,166.0,14.9,74.0,819.0,10.45,22.53
2025-09-03 16:00:00,16,2,0,9,619.0,28.2,0.086,0.95,40.0,14.0,66.0,753.0,15.53,51.69
2025-09-03 17:00:00,17,2,0,9,898.0,24.9,0.087,4.86,124.0,11.9,77.0,545.0,9.23,33.01
2025-09-03 18:00:00,18,2,0,9,1068.0,21.7,0.072,6.72,359.0,10.7,74.0,388.0,7.87,35.11
2025-09-03 19:00:00,19,2,0,9,897.0,23.8,0.078,3.04,279.0,8.2,70.0,480.0,11.37,39.42
2025-09-03 20:00:00,20,2,0,9,570.0,28.7,0.077,2.01,34.0,6.6,62.0,490.0,12.59,40.67
2025-09-03 21:00:00,21,2,0,9,299.0,32.0,0.078,3.8,160.0,6.5,71.0,189.0,10.35,31.88
2025-09-03 22:00:00,22,2,0,9,263.0,36.4,0.056,4.21,343.0,6.7,67.0,305.0,8.43,18.44
2025-09-03 23:00:00,23,2,0,9,154.0,37.7,0.079,3.41,151.0,7.3,79.0,458.0,7.7,15.2
2025-09-04 00:00:00,0,3,0,9,145.0,34.7,0.083,4.89,137.0,6.0,75.0,280.0,7.73,8.05
2025-09-04 01:00:00,1,3,0,9,151.0,34.2,0.075,5.25,246.0,7.0,75.0,491.0,6.39,16.67
2025-09-04 02:00:00,2,3,0,9,218.0,33.0,0.055,3.86,0.0,5.6,75.0,357.0,8.59,12.95
2025-09-04 03:00:00,3,3,0,9,138.0,36.9,0.091,4.21,161.0,7.3,72.0,296.0,6.35,12.64
2025-09-04 04:00:00,4,3,0,9,238.0,34.7,0.124,5.2,42.0,7.4,82.0,427.0,6.4,15.49
2025-09-04 05:00:00,5,3,0,9,226.0,35.1,0.13,1.36,300.0,9.5,74.0,358.0,12.92,37.91
2025-09-04 06:00:00,6,3,0,9,475.0,32.9,0.129,0.62,293.0,9.7,74.0,382.0,30.7,121.79
2025-09-04 07:00:00,7,3,0,9,815.0,24.7,0.14,4.48,132.0,12.2,74.0,351.0,13.08,41.76
2025-09-04 08:00:00,8,3,0,9,951.0,23.5,0.116,8.69,313.0,12.4,71.0,710.0,8.87,21.83
2025-09-04 09:00:00,9,3,0,9,858.0,22.9,0.11,3.61,230.0,14.6,74.0,612.0,14.13,36.2
2025-09-04 10:00:00,10,3,0,9,538.0,25.3,0.094,4.67,266.0,16.7,63.0,1010.0,8.79,17.56
2025-09-04 11:00:00,11,3,0,9,348.0,34.6,0.059,1.78,222.0,15.5,70.0,861.0,9.08,23.62
2025-09-04 12:00:00,12,3,0,9,272.0,31.6,0.077,4.55,35.0,14.4,66.0,938.0,8.54,17.66
2025-09-04 13:00:00,13,3,0,9,362.0,33.5,0.056,3.8,177.0,15.3,67.0,1006.0,10.89,15.69
2025-09-04 14:00:00,14,3,0,9,358.0,32.0,0.071,1.94,219.0,15.4,65.0,871.0,7.39,20.82
2025-09-04 15:00:00,15,3,0,9,464.0,29.8,0.083,9.13,274.0,15.2,68.0,740.0,4.81,12.97
2025-09-04 16:00:00,16,3,0,9,650.0,28.6,0.068,3.28,243.0,14.4,71.0,672.0,8.77,26.95
2025-09-04 17:00:00,17,3,0,9,912.0,25.1,0.087,3.31,306.0,13.0,71.0,541.0,14.76,33.41
2025-09-04 18:00:00,18,3,0,9,1056.0,20.9,0.073,2.64,51.0,12.7,70.0,329.0,19.47,66.26
2025-09-04 19:00:00,19,3,0,9,903.0,25.7,0.072,0.77,311.0,10.3,66.0,347.0,36.65,172.51
2025-09-04 20:00:00,20,3,0,9,531.0,28.4,0.075,5.42,155.0,8.9,77.0,345.0,9.93,26.09
2025-09-04 21:00:00,21,3,0,9,306.0,35.0,0.09,3.28,59.0,5.1,76.0,434.0,9.74,25.15
2025-09-04 22:00:00,22,3,0,9,164.0,33.4,0.076,4.16,63.0,7.4,78.0,213.0,8.28,18.14
2025-09-04 23:00:00,23,3,0,9,154.0,35.5,0.066,4.88,349.0,7.3,74.0,345.0,7.97,18.08
2025-09-05 00:00:00,0,4,0,9,57.0,36.9,0.074,2.45,151.0,5.0,71.0,357.0,5.89,15.0
2025-09-05 01:00:00,1,4,0,9,116.0,34.3,0.078,1.78,259.0,5.5,67.0,441.0,9.63,20.78
2025-09-05 02:00:00,2,4,0,9,84.0,37.2,0.086,1.68,100.0,7.4,80.0,519.0,7.54,18.97
2025-09-05 03:00:00,3,4,0,9,208.0,35.1,0.095,1.88,179.0,8.0,68.0,341.0,9.5,26.4
2025-09-05 04:00:00,4,4,0,9,221.0,35.7,0.112,3.73,228.0,9.0,74.0,381.0,10.2,19.79
2025-09-05 05:00:00,5,4,0,9,278.0,34.0,0.131,2.77,306.0,9.2,67.0,460.0,11.6,24.96
2025-09-05 06:00:00,6,4,0,9,503.0,31.5,0.123,5.24,333.0,11.1,67.0,279.0,11.67,31.9
2025-09-05 07:00:00,7,4,0,9,786.0,24.7,0.13,1.38,55.0,12.6,76.0,597.0,18.54,64.97
2025-09-05 08:00:00,8,4,0,9,951.0,20.7,0.104,7.9,231.0,13.2,69.0,711.0,5.86,19.57
2025-09-05 09:00:00,9,4,0,9,834.0,26.5,0.106,0.99,339.0,14.5,75.0,635.0,19.15,80.14
2025-09-05 10:00:00,10,4,0,9,568.0,27.7,0.097,6.18,98.0,14.9,68.0,789.0,8.07,18.65
2025-09-05 11:00:00,11,4,0,9,389.0,30.5,0.081,1.62,34.0,16.5,72.0,886.0,8.04,22.24
2025-09-05 12:00:00,12,4,0,9,359.0,33.8,0.074,5.5,8.0,16.5,72.0,849.0,4.32,15.37
2025-09-05 13:00:00,13,4,0,9,327.0,31.4,0.075,2.42,72.0,17.1,72.0,928.0,10.79,22.39
2025-09-05 14:00:00,14,4,0,9,280.0,35.1,0.085,6.76,118.0,15.2,65.0,702.0,6.7,8.18
2025-09-05 15:00:00,15,4,0,9,376.0,32.9,0.089,1.39,272.0,12.7,68.0,762.0,11.26,29.08
2025-09-05 16:00:00,16,4,0,9,638.0,29.1,0.085,2.1,141.0,14.1,62.0,765.0,9.15,33.38
2025-09-05 17:00:00,17,4,0,9,902.0,26.9,0.082,1.79,17.0,11.9,69.0,578.0,14.92,53.94
2025-09-05 18:00:00,18,4,0,9,1031.0,22.2,0.091,5.94,347.0,11.4,73.0,272.0,14.24,45.44
2025-09-05 19:00:00,19,4,0,9,852.0,24.3,0.087,3.89,198.0,12.8,67.0,199.0,16.61,59.36
2025-09-05 20:00:00,20,4,0,9,573.0,29.9,0.087,2.45,291.0,9.0,80.0,398.0,12.26,35.73
2025-09-05 21:00:00,21,4,0,9,329.0,33.3,0.075,2.2,34.0,9.3,75.0,380.0,10.88,32.01
2025-09-05 22:00:00,22,4,0,9,167.0,38.2,0.086,9.73,217.0,5.7,73.0,308.0,5.37,11.51
2025-09-05 23:00:00,23,4,0,9,164.0,35.7,0.108,6.7,187.0,4.7,84.0,425.0,8.88,11.22
2025-09-06 00:00:00,0,5,1,9,86.0,36.7,0.085,4.79,41.0,7.5,71.0,318.0,7.44,14.49
2025-09-06 01:00:00,1,5,1,9,157.0,34.3,0.093,7.75,353.0,9.6,73.0,433.0,10.78,11.88
2025-09-06 02:00:00,2,5,1,9,119.0,36.8,0.079,2.07,320.0,7.7,73.0,409.0,8.31,20.26
2025-09-06 03:00:00,3,5,1,9,137.0,33.5,0.078,6.05,286.0,10.1,71.0,399.0,5.57,20.35
2025-09-06 04:00:00,4,5,1,9,199.0,32.5,0.099,0.6,314.0,7.5,74.0,319.0,14.88,65.34
2025-09-06 05:00:00,5,5,1,9,190.0,32.1,0.119,5.47,147.0,10.3,73.0,353.0,9.49,13.96
2025-09-06 06:00:00,6,5,1,9,344.0,31.8,0.141,3.85,37.0,10.9,76.0,458.0,8.92,22.83
2025-09-06 07:00:00,7,5,1,9,673.0,27.3,0.103,3.88,138.0,12.3,67.0,557.0,10.17,31.26
2025-09-06 08:00:00,8,5,1,9,774.0,27.3,0.094,2.0,18.0,14.1,62.0,640.0,14.42,41.07
2025-09-06 09:00:00,9,5,1,9,664.0,27.6,0.096,2.18,101.0,12.9,68.0,806.0,11.91,32.96
2025-09-06 10:00:00,10,5,1,9,488.0,29.4,0.084,2.62,323.0,16.3,62.0,739.0,8.9,24.77
2025-09-06 11:00:00,11,5,1,9,312.0,34.1,0.086,0.91,244.0,14.1,69.0,888.0,8.54,29.41
2025-09-06 12:00:00,12,5,1,9,319.0,32.9,0.077,4.6,256.0,14.6,75.0,1074.0,8.69,17.07
2025-09-06 13:00:00,13,5,1,9,273.0,35.3,0.089,1.86,12.0,16.6,69.0,895.0,10.65,16.46
2025-09-06 14:00:00,14,5,1,9,249.0,31.6,0.068,3.61,338.0,15.9,69.0,1042.0,7.64,14.76
2025-09-06 15:00:00,15,5,1,9,393.0,30.6,0.088,2.83,304.0,16.0,65.0,765.0,9.35,24.32
2025-09-06 16:00:00,16,5,1,9,484.0,32.1,0.099,2.55,251.0,12.2,70.0,638.0,8.47,28.55
2025-09-06 17:00:00,17,5,1,9,739.0,26.3,0.084,1.08,71.0,13.6,69.0,442.0,21.88,90.99
2025-09-06 18:00:00,18,5,1,9,873.0,24.5,0.084,0.83,326.0,12.3,69.0,250.0,45.49,180.0
2025-09-06 19:00:00,19,5,1,9,754.0,27.5,0.072,9.9,41.0,9.1,78.0,432.0,6.67,18.8
2025-09-06 20:00:00,20,5,1,9,436.0,34.5,0.076,1.85,257.0,7.6,78.0,291.0,15.71,50.64
2025-09-06 21:00:00,21,5,1,9,258.0,35.5,0.081,3.06,93.0,8.3,76.0,252.0,9.83,26.44
2025-09-06 22:00:00,22,5,1,9,156.0,36.9,0.081,2.57,190.0,8.1,68.0,194.0,9.36,26.23
2025-09-06 23:00:00,23,5,1,9,70.0,34.2,0.072,10.59,300.0,6.6,77.0,433.0,8.32,16.03
2025-09-07 00:00:00,0,6,1,9,71.0,35.4,0.09,0.58,287.0,6.1,81.0,314.0,7.93,32.13
2025-09-07 01:00:00,1,6,1,9,114.0,33.5,0.071,4.38,88.0,5.2,70.0,448.0,5.65,19.46
2025-09-07 02:00:00,2,6,1,9,83.0,37.0,0.107,5.72,262.0,6.2,76.0,332.0,6.99,17.75
2025-09-07 03:00:00,3,6,1,9,47.0,40.7,0.095,4.79,329.0,8.5,74.0,451.0,7.65,10.87
2025-09-07 04:00:00,4,6,1,9,85.0,36.0,0.11,3.35,140.0,9.4,70.0,330.0,10.51,12.73
2025-09-07 05:00:00,5,6,1,9,168.0,34.3,0.121,2.62,165.0,9.7,65.0,453.0,5.4,22.74
2025-09-07 06:00:00,6,6,1,9,314.0,35.3,0.138,4.52,293.0,10.8,71.0,197.0,12.67,29.77
2025-09-07 07:00:00,7,6,1,9,513.0,32.1,0.13,0.85,264.0,12.1,71.0,625.0,17.69,64.95
2025-09-07 08:00:00,8,6,1,9,596.0,25.4,0.114,3.17,190.0,14.4,67.0,649.0,7.72,31.73
2025-09-07 09:00:00,9,6,1,9,512.0,30.0,0.087,6.75,226.0,16.2,74.0,770.0,7.48,14.05
2025-09-07 10:00:00,10,6,1,9,371.0,33.5,0.069,4.3,92.0,15.2,65.0,886.0,9.07,14.17
2025-09-07 11:00:00,11,6,1,9,302.0,35.2,0.089,3.32,259.0,14.4,71.0,793.0,8.86,16.28
2025-09-07 12:00:00,12,6,1,9,121.0,35.8,0.077,3.66,8.0,16.1,66.0,898.0,8.72,14.99
2025-09-07 13:00:00,13,6,1,9,155.0,34.6,0.055,3.97,241.0,16.6,67.0,898.0,6.92,14.73
2025-09-07 14:00:00,14,6,1,9,163.0,37.5,0.088,4.88,352.0,13.7,63.0,843.0,8.51,15.62
2025-09-07 15:00:00,15,6,1,9,262.0,34.2,0.071,1.66,154.0,15.4,65.0,828.0,7.75,19.76
2025-09-07 16:00:00,16,6,1,9,402.0,32.8,0.082,1.23,29.0,14.2,76.0,552.0,11.46,35.94
2025-09-07 17:00:00,17,6,1,9,562.0,27.1,0.073,1.47,211.0,11.2,75.0,580.0,11.72,44.7
2025-09-07 18:00:00,18,6,1,9,647.0,28.8,0.079,4.82,85.0,10.9,68.0,320.0,8.32,29.48
2025-09-07 19:00:00,19,6,1,9,559.0,28.6,0.048,3.12,13.0,8.7,75.0,310.0,12.28,39.49
2025-09-07 20:00:00,20,6,1,9,370.0,31.9,0.093,1.96,225.0,9.3,79.0,408.0,10.21,32.9
2025-09-07 21:00:00,21,6,1,9,254.0,34.2,0.088,8.13,13.0,10.4,66.0,359.0,8.3,18.42
2025-09-07 22:00:00,22,6,1,9,109.0,35.3,0.074,2.67,305.0,6.2,65.0,430.0,3.93,12.2
2025-09-07 23:00:00,23,6,1,9,120.0,35.5,0.081,3.33,47.0,6.6,66.0,366.0,6.32,18.07
2025-09-08 00:00:00,0,0,0,9,126.0,35.2,0.085,1.29,133.0,7.6,75.0,369.0,9.74,27.9
2025-09-08 01:00:00,1,0,0,9,186.0,38.5,0.075,5.47,349.0,6.9,70.0,261.0,2.78,22.38
2025-09-08 02:00:00,2,0,0,9,134.0,34.3,0.088,3.1,139.0,9.6,71.0,306.0,8.73,18.47
2025-09-08 03:00:00,3,0,0,9,189.0,34.5,0.097,7.86,176.0,6.5,69.0,293.0,10.4,20.29
2025-09-08 04:00:00,4,0,0,9,221.0,32.5,0.114,2.38,125.0,8.9,79.0,378.0,9.41,21.88
2025-09-08 05:00:00,5,0,0,9,325.0,33.4,0.139,0.82,91.0,8.4,73.0,396.0,17.65,72.85
2025-09-08 06:00:00,6,0,0,9,519.0,29.9,0.144,4.15,46.0,11.8,74.0,457.0,8.8,23.97
2025-09-08 07:00:00,7,0,0,9,795.0,24.9,0.131,5.96,25.0,12.4,75.0,573.0,10.93,21.74
2025-09-08 08:00:00,8,0,0,9,975.0,22.0,0.111,2.34,279.0,14.0,72.0,677.0,13.23,52.04
2025-09-08 09:00:00,9,0,0,9,843.0,23.0,0.091,1.91,128.0,15.2,68.0,725.0,13.25,39.65
2025-09-08 10:00:00,10,0,0,9,598.0,30.9,0.081,5.8,270.0,17.2,63.0,858.0,8.83,18.01
2025-09-08 11:00:00,11,0,0,9,405.0,32.2,0.115,0.8,35.0,16.8,65.0,995.0,13.44,38.55
2025-09-08 12:00:00,12,0,0,9,263.0,33.2,0.074,1.46,266.0,14.7,64.0,871.0,10.77,21.59
2025-09-08 13:00:00,13,0,0,9,306.0,33.9,0.085,3.52,205.0,16.4,67.0,911.0,5.43,14.61
2025-09-08 14:00:00,14,0,0,9,358.0,32.2,0.086,4.62,95.0,15.8,68.0,977.0,7.09,10.57
2025-09-08 15:00:00,15,0,0,9,427.0,30.3,0.094,0.48,17.0,12.8,74.0,662.0,20.06,80.81
2025-09-08 16:00:00,16,0,0,9,647.0,27.5,0.07,5.13,177.0,15.5,68.0,744.0,7.47,17.7
2025-09-08 17:00:00,17,0,0,9,898.0,23.3,0.074,2.59,17.0,13.3,75.0,641.0,10.36,44.45
2025-09-08 18:00:00,18,0,0,9,1034.0,20.2,0.077,7.2,44.0,10.6,64.0,307.0,11.02,33.1
2025-09-08 19:00:00,19,0,0,9,892.0,26.6,0.09,3.89,216.0,11.2,66.0,251.0,14.86,57.57
2025-09-08 20:00:00,20,0,0,9,586.0,27.8,0.082,4.83,220.0,8.1,70.0,376.0,11.35,32.48
2025-09-08 21:00:00,21,0,0,9,297.0,35.6,0.067,0.86,34.0,7.0,69.0,367.0,12.01,57.27
2025-09-08 22:00:00,22,0,0,9,208.0,34.2,0.07,6.74,171.0,8.2,75.0,515.0,5.46,9.06
2025-09-08 23:00:00,23,0,0,9,185.0,33.5,0.066,4.23,276.0,6.8,68.0,351.0,9.12,20.35
2025-09-09 00:00:00,0,1,0,9,125.0,39.8,0.089,2.18,271.0,7.1,72.0,341.0,5.19,24.95
2025-09-09 01:00:00,1,1,0,9,147.0,36.5,0.076,2.87,86.0,8.5,75.0,524.0,8.65,18.88
2025-09-09 02:00:00,2,1,0,9,139.0,38.0,0.082,2.9,96.0,8.0,76.0,398.0,11.12,15.71
2025-09-09 03:00:00,3,1,0,9,150.0,35.7,0.093,9.08,298.0,7.1,68.0,333.0,6.18,15.34
2025-09-09 04:00:00,4,1,0,9,227.0,33.7,0.106,3.24,61.0,9.5,76.0,462.0,6.74,18.89
2025-09-09 05:00:00,5,1,0,9,275.0,32.5,0.13,3.28,347.0,9.5,75.0,405.0,8.49,24.62
2025-09-09 06:00:00,6,1,0,9,522.0,30.3,0.154,4.28,33.0,11.4,81.0,399.0,10.25,25.96
2025-09-09 07:00:00,7,1,0,9,838.0,22.7,0.121,1.34,308.0,13.5,63.0,420.0,23.08,90.97
2025-09-09 08:00:00,8,1,0,9,1037.0,24.1,0.1,2.79,266.0,13.5,70.0,671.0,11.99,38.87
2025-09-09 09:00:00,9,1,0,9,818.0,26.2,0.077,1.63,320.0,15.6,69.0,641.0,15.1,45.27
2025-09-09 10:00:00,10,1,0,9,529.0,30.0,0.071,5.79,264.0,17.0,69.0,851.0,8.31,15.24
2025-09-09 11:00:00,11,1,0,9,406.0,30.6,0.088,5.84,109.0,13.2,66.0,1019.0,8.65,17.98
2025-09-09 12:00:00,12,1,0,9,348.0,31.2,0.087,1.48,360.0,14.1,69.0,853.0,9.72,25.98
2025-09-09 13:00:00,13,1,0,9,296.0,36.2,0.089,4.45,261.0,16.0,69.0,1011.0,6.68,11.69
2025-09-09 14:00:00,14,1,0,9,359.0,32.2,0.069,6.78,271.0,15.9,68.0,930.0,7.65,7.76
2025-09-09 15:00:00,15,1,0,9,423.0,32.3,0.067,3.77,257.0,15.1,67.0,780.0,8.6,19.47
2025-09-09 16:00:00,16,1,0,9,597.0,28.2,0.085,0.58,274.0,14.2,72.0,513.0,25.9,115.61
2025-09-09 17:00:00,17,1,0,9,918.0,24.3,0.088,2.83,257.0,15.9,66.0,548.0,15.08,42.49
2025-09-09 18:00:00,18,1,0,9,1043.0,20.3,0.084,6.15,60.0,10.3,65.0,293.0,11.85,40.8
2025-09-09 19:00:00,19,1,0,9,909.0,26.4,0.071,4.55,287.0,10.2,73.0,292.0,14.45,43.02
2025-09-09 20:00:00,20,1,0,9,579.0,30.8,0.061,2.41,227.0,9.5,76.0,468.0,10.7,32.57
2025-09-09 21:00:00,21,1,0,9,328.0,31.9,0.074,2.21,155.0,8.0,65.0,434.0,10.69,29.22
2025-09-09 22:00:00,22,1,0,9,216.0,36.0,0.071,4.83,272.0,6.9,66.0,364.0,8.42,16.33
2025-09-09 23:00:00,23,1,0,9,145.0,34.8,0.078,3.05,314.0,8.4,76.0,327.0,6.69,22.17
2025-09-10 00:00:00,0,2,0,9,134.0,36.2,0.076,12.0,317.0,7.0,76.0,335.0,6.13,13.55
2025-09-10 01:00:00,1,2,0,9,98.0,35.9,0.087,6.79,268.0,6.0,70.0,377.0,6.95,9.65
2025-09-10 02:00:00,2,2,0,9,166.0,35.3,0.079,2.73,241.0,8.8,70.0,551.0,7.9,19.18
2025-09-10 03:00:00,3,2,0,9,179.0,33.0,0.085,1.57,291.0,9.7,66.0,404.0,11.87,23.96
2025-09-10 04:00:00,4,2,0,9,182.0,36.4,0.127,1.29,161.0,7.6,75.0,233.0,13.2,45.08
2025-09-10 05:00:00,5,2,0,9,273.0,35.8,0.142,0.51,137.0,9.4,66.0,319.0,22.9,103.39
2025-09-10 06:00:00,6,2,0,9,509.0,28.1,0.15,0.4,345.0,9.6,73.0,302.0,42.31,180.0
2025-09-10 07:00:00,7,2,0,9,829.0,25.3,0.137,2.18,321.0,9.9,79.0,346.0,18.96,72.51
2025-09-10 08:00:00,8,2,0,9,1051.0,20.1,0.101,1.8,22.0,15.2,64.0,600.0,15.07,64.88
2025-09-10 09:00:00,9,2,0,9,825.0,22.8,0.094,0.68,198.0,14.3,74.0,707.0,24.68,101.23
2025-09-10 10:00:00,10,2,0,9,546.0,30.9,0.076,3.46,250.0,15.7,66.0,964.0,8.21,19.1
2025-09-10 11:00:00,11,2,0,9,403.0,34.2,0.094,2.33,278.0,18.7,74.0,1001.0,8.75,24.31
2025-09-10 12:00:00,12,2,0,9,325.0,33.1,0.072,1.43,250.0,17.1,73.0,915.0,7.57,24.27
2025-09-10 13:00:00,13,2,0,9,359.0,31.9,0.086,0.72,307.0,16.3,70.0,931.0,9.79,39.27
2025-09-10 14:00:00,14,2,0,9,350.0,33.1,0.072,3.05,43.0,16.1,65.0,883.0,8.44,16.08
2025-09-10 15:00:00,15,2,0,9,465.0,30.0,0.072,4.12,13.0,13.6,75.0,590.0,9.65,23.76
2025-09-10 16:00:00,16,2,0,9,550.0,31.5,0.091,4.37,258.0,14.1,67.0,564.0,12.61,25.36
2025-09-10 17:00:00,17,2,0,9,944.0,27.5,0.079,1.82,128.0,12.4,72.0,406.0,16.25,70.26
2025-09-10 18:00:00,18,2,0,9,1038.0,24.6,0.084,1.27,3.0,12.8,68.0,529.0,19.48,86.35
2025-09-10 19:00:00,19,2,0,9,921.0,23.5,0.091,0.92,317.0,8.9,69.0,313.0,37.15,170.98
2025-09-10 20:00:00,20,2,0,9,477.0,30.0,0.096,1.64,184.0,7.5,73.0,350.0,14.29,53.65
2025-09-10 21:00:00,21,2,0,9,287.0,31.4,0.09,3.92,83.0,8.5,77.0,414.0,7.58,18.57
2025-09-10 22:00:00,22,2,0,9,196.0,34.8,0.074,2.57,328.0,5.4,70.0,258.0,9.44,23.22
2025-09-10 23:00:00,23,2,0,9,139.0,37.0,0.078,1.84,162.0,4.0,71.0,261.0,10.88,26.18
2025-09-11 00:00:00,0,3,0,9,143.0,36.1,0.074,2.5,208.0,5.5,80.0,483.0,9.91,11.77
2025-09-11 01:00:00,1,3,0,9,58.0,36.1,0.096,6.9,122.0,9.0,70.0,268.0,5.14,16.22
2025-09-11 02:00:00,2,3,0,9,132.0,34.4,0.09,0.59,36.0,8.0,76.0,350.0,14.29,43.93
2025-09-11 03:00:00,3,3,0,9,92.0,38.7,0.067,6.94,73.0,7.6,70.0,428.0,6.85,13.74
2025-09-11 04:00:00,4,3,0,9,134.0,36.2,0.116,1.72,326.0,11.1,69.0,390.0,9.48,23.3
2025-09-11 05:00:00,5,3,0,9,312.0,33.1,0.15,3.83,263.0,10.2,71.0,387.0,9.16,24.52
2025-09-11 06:00:00,6,3,0,9,454.0,29.3,0.144,10.57,22.0,11.9,70.0,350.0,9.74,22.06
2025-09-11 07:00:00,7,3,0,9,788.0,26.0,0.138,1.75,143.0,13.1,61.0,573.0,16.17,58.08
2025-09-11 08:00:00,8,3,0,9,978.0,20.7,0.109,4.48,26.0,13.1,68.0,513.0,10.64,28.94
2025-09-11 09:00:00,9,3,0,9,842.0,24.8,0.092,0.55,319.0,13.8,64.0,701.0,29.04,123.16
2025-09-11 10:00:00,10,3,0,9,514.0,27.3,0.099,3.24,315.0,15.8,70.0,744.0,10.83,25.1
2025-09-11 11:00:00,11,3,0,9,403.0,29.7,0.094,7.17,143.0,17.4,68.0,857.0,10.08,12.35
2025-09-11 12:00:00,12,3,0,9,260.0,34.4,0.08,2.99,234.0,16.8,72.0,808.0,8.25,15.88
2025-09-11 13:00:00,13,3,0,9,297.0,32.9,0.077,10.9,171.0,17.5,74.0,961.0,6.46,14.32
2025-09-11 14:00:00,14,3,0,9,316.0,34.3,0.084,3.7,93.0,17.1,72.0,867.0,6.74,15.36
2025-09-11 15:00:00,15,3,0,9,418.0,33.0,0.077,5.15,173.0,13.2,70.0,707.0,9.98,17.71
2025-09-11 16:00:00,16,3,0,9,606.0,28.0,0.061,2.14,46.0,13.5,65.0,622.0,12.65,33.94
2025-09-11 17:00:00,17,3,0,9,910.0,23.8,0.09,6.48,87.0,12.7,74.0,617.0,10.31,21.94
2025-09-11 18:00:00,18,3,0,9,1043.0,23.2,0.084,7.56,58.0,13.5,72.0,495.0,10.56,23.81
2025-09-11 19:00:00,19,3,0,9,903.0,22.8,0.087,3.55,137.0,10.1,75.0,356.0,13.53,49.85
2025-09-11 20:00:00,20,3,0,9,619.0,28.9,0.096,2.64,302.0,7.8,70.0,398.0,12.49,35.92
2025-09-11 21:00:00,21,3,0,9,309.0,33.3,0.084,2.09,225.0,6.1,74.0,442.0,9.41,29.57
2025-09-11 22:00:00,22,3,0,9,145.0,32.4,0.07,6.05,194.0,7.2,75.0,384.0,5.95,12.88
2025-09-11 23:00:00,23,3,0,9,166.0,36.8,0.06,1.51,23.0,7.2,71.0,513.0,8.39,18.33
2025-09-12 00:00:00,0,4,0,9,87.0,37.6,0.074,3.21,253.0,7.6,76.0,453.0,5.6,17.69
2025-09-12 01:00:00,1,4,0,9,149.0,36.5,0.065,1.52,133.0,5.9,73.0,157.0,9.88,41.81
2025-09-12 02:00:00,2,4,0,9,172.0,34.8,0.081,1.75,160.0,7.1,69.0,290.0,8.88,25.29
2025-09-12 03:00:00,3,4,0,9,171.0,36.0,0.089,3.93,115.0,9.1,77.0,275.0,8.06,18.42
2025-09-12 04:00:00,4,4,0,9,246.0,35.2,0.123,2.28,86.0,8.9,73.0,350.0,9.05,28.22
2025-09-12 05:00:00,5,4,0,9,258.0,35.4,0.12,1.93,217.0,8.8,69.0,487.0,10.84,27.23
2025-09-12 06:00:00,6,4,0,9,465.0,28.9,0.131,1.92,207.0,12.6,70.0,291.0,15.35,57.4
2025-09-12 07:00:00,7,4,0,9,797.0,24.7,0.122,3.07,86.0,13.7,75.0,629.0,14.25,36.15
2025-09-12 08:00:00,8,4,0,9,984.0,21.9,0.113,2.64,45.0,15.3,72.0,560.0,12.59,54.18
2025-09-12 09:00:00,9,4,0,9,847.0,23.3,0.1,6.49,345.0,17.4,74.0,881.0,10.09,16.84
2025-09-12 10:00:00,10,4,0,9,543.0,28.6,0.092,3.26,95.0,16.0,69.0,895.0,12.1,16.61
2025-09-12 11:00:00,11,4,0,9,334.0,31.6,0.082,2.17,53.0,16.7,62.0,917.0,6.97,21.61
2025-09-12 12:00:00,12,4,0,9,367.0,31.3,0.088,6.89,194.0,16.7,72.0,875.0,7.28,11.31
2025-09-12 13:00:00,13,4,0,9,263.0,32.7,0.085,4.8,4.0,17.4,71.0,833.0,9.25,12.88
2025-09-12 14:00:00,14,4,0,9,303.0,30.7,0.081,1.48,100.0,15.3,68.0,868.0,5.9,23.64
2025-09-12 15:00:00,15,4,0,9,411.0,34.4,0.089,1.49,14.0,16.3,72.0,770.0,9.65,29.55
2025-09-12 16:00:00,16,4,0,9,655.0,27.4,0.092,3.89,205.0,14.9,70.0,684.0,8.02,21.57
2025-09-12 17:00:00,17,4,0,9,846.0,22.3,0.058,3.87,228.0,13.6,73.0,469.0,14.56,31.24
2025-09-12 18:00:00,18,4,0,9,1058.0,21.9,0.06,5.67,70.0,10.7,68.0,281.0,12.24,43.69
2025-09-12 19:00:00,19,4,0,9,884.0,26.0,0.055,1.69,71.0,10.3,70.0,400.0,18.57,73.79
2025-09-12 20:00:00,20,4,0,9,605.0,29.3,0.088,6.23,248.0,8.8,69.0,296.0,8.55,29.29
2025-09-12 21:00:00,21,4,0,9,342.0,31.4,0.085,0.7,342.0,8.9,72.0,319.0,21.15,82.88
2025-09-12 22:00:00,22,4,0,9,153.0,35.0,0.097,7.8,253.0,6.7,77.0,278.0,9.08,14.87
2025-09-12 23:00:00,23,4,0,9,133.0,38.1,0.099,2.97,328.0,6.1,76.0,476.0,8.76,13.96
2025-09-13 00:00:00,0,5,1,9,87.0,35.9,0.083,4.5,339.0,7.4,76.0,458.0,4.26,16.79
2025-09-13 01:00:00,1,5,1,9,127.0,35.7,0.075,4.04,237.0,6.7,79.0,419.0,6.96,20.31
2025-09-13 02:00:00,2,5,1,9,86.0,35.7,0.088,3.4,40.0,8.4,72.0,352.0,9.69,12.65
2025-09-13 03:00:00,3,5,1,9,111.0,37.7,0.103,2.54,109.0,9.0,72.0,241.0,7.0,23.72
2025-09-13 04:00:00,4,5,1,9,221.0,33.2,0.123,0.98,125.0,8.2,68.0,396.0,15.51,45.74
2025-09-13 05:00:00,5,5,1,9,210.0,35.3,0.127,1.95,69.0,11.0,77.0,480.0,8.98,20.36
2025-09-13 06:00:00,6,5,1,9,348.0,33.7,0.159,6.97,334.0,11.2,76.0,470.0,7.26,20.91
2025-09-13 07:00:00,7,5,1,9,634.0,30.3,0.134,4.58,280.0,12.5,70.0,523.0,10.75,32.06
2025-09-13 08:00:00,8,5,1,9,848.0,22.8,0.098,0.99,68.0,15.4,70.0,688.0,14.6,81.54
2025-09-13 09:00:00,9,5,1,9,655.0,30.4,0.088,2.36,192.0,15.8,63.0,919.0,9.56,30.0
2025-09-13 10:00:00,10,5,1,9,397.0,31.9,0.094,11.1,334.0,13.8,66.0,866.0,9.03,16.91
2025-09-13 11:00:00,11,5,1,9,301.0,32.3,0.095,1.72,93.0,13.6,63.0,822.0,6.44,25.0
2025-09-13 12:00:00,12,5,1,9,252.0,35.4,0.084,1.54,112.0,17.7,69.0,1036.0,6.58,22.5
2025-09-13 13:00:00,13,5,1,9,269.0,36.6,0.073,1.9,86.0,16.8,69.0,914.0,10.76,21.63
2025-09-13 14:00:00,14,5,1,9,244.0,35.2,0.082,6.15,336.0,14.7,65.0,948.0,9.05,12.9
2025-09-13 15:00:00,15,5,1,9,331.0,32.2,0.076,0.67,255.0,12.9,67.0,709.0,11.39,45.73
2025-09-13 16:00:00,16,5,1,9,506.0,29.7,0.096,1.8,327.0,13.9,62.0,747.0,12.4,35.2
2025-09-13 17:00:00,17,5,1,9,737.0,28.0,0.093,2.46,275.0,12.1,72.0,371.0,16.51,53.27
2025-09-13 18:00:00,18,5,1,9,860.0,26.1,0.089,4.76,304.0,11.6,71.0,386.0,9.19,30.18
2025-09-13 19:00:00,19,5,1,9,656.0,29.3,0.085,5.6,157.0,10.3,76.0,271.0,9.78,29.87
2025-09-13 20:00:00,20,5,1,9,414.0,32.7,0.084,7.79,115.0,10.8,61.0,415.0,6.77,18.56
2025-09-13 21:00:00,21,5,1,9,234.0,33.2,0.071,1.9,85.0,9.1,73.0,372.0,8.46,33.57
2025-09-13 22:00:00,22,5,1,9,196.0,35.7,0.087,1.5,219.0,7.4,75.0,223.0,11.29,43.2
2025-09-13 23:00:00,23,5,1,9,108.0,38.2,0.079,7.63,204.0,8.9,69.0,320.0,6.22,18.02
2025-09-14 00:00:00,0,6,1,9,64.0,35.2,0.08,2.27,326.0,5.5,76.0,339.0,6.04,14.61
2025-09-14 01:00:00,1,6,1,9,104.0,39.2,0.08,9.15,280.0,9.0,70.0,272.0,5.74,12.59
2025-09-14 02:00:00,2,6,1,9,101.0,38.6,0.088,6.67,112.0,6.2,73.0,455.0,4.9,15.5
2025-09-14 03:00:00,3,6,1,9,77.0,37.0,0.088,4.95,225.0,5.8,78.0,275.0,8.95,13.65
2025-09-14 04:00:00,4,6,1,9,87.0,38.8,0.113,3.38,312.0,9.4,73.0,256.0,7.39,20.44
2025-09-14 05:00:00,5,6,1,9,155.0,34.8,0.138,12.0,129.0,9.8,75.0,235.0,10.42,18.46
2025-09-14 06:00:00,6,6,1,9,260.0,33.9,0.136,2.51,158.0,13.1,67.0,471.0,10.8,26.61
2025-09-14 07:00:00,7,6,1,9,500.0,28.7,0.162,5.86,181.0,10.2,74.0,548.0,7.44,23.52
2025-09-14 08:00:00,8,6,1,9,600.0,27.4,0.106,3.11,274.0,15.3,76.0,570.0,11.87,28.17
2025-09-14 09:00:00,9,6,1,9,542.0,29.2,0.084,3.26,114.0,15.1,68.0,578.0,9.13,26.07
2025-09-14 10:00:00,10,6,1,9,389.0,32.3,0.075,3.91,222.0,14.9,67.0,938.0,8.85,18.54
2025-09-14 11:00:00,11,6,1,9,225.0,34.9,0.073,1.8,50.0,15.5,76.0,913.0,6.6,23.78
2025-09-14 12:00:00,12,6,1,9,170.0,34.3,0.092,2.81,332.0,15.9,61.0,963.0,6.37,19.81
2025-09-14 13:00:00,13,6,1,9,194.0,33.0,0.077,3.97,62.0,16.4,68.0,858.0,8.03,16.71
2025-09-14 14:00:00,14,6,1,9,201.0,34.6,0.072,2.77,132.0,16.0,67.0,820.0,9.7,12.82
2025-09-14 15:00:00,15,6,1,9,311.0,34.3,0.102,5.03,76.0,15.1,67.0,970.0,8.03,16.15
2025-09-14 16:00:00,16,6,1,9,374.0,30.8,0.071,7.26,187.0,14.7,66.0,612.0,8.03,15.48
2025-09-14 17:00:00,17,6,1,9,586.0,30.7,0.083,2.01,264.0,15.9,71.0,474.0,11.96,39.24
2025-09-14 18:00:00,18,6,1,9,596.0,28.3,0.079,4.15,212.0,12.3,71.0,493.0,8.56,28.94
2025-09-14 19:00:00,19,6,1,9,561.0,30.0,0.097,3.57,160.0,11.5,74.0,405.0,12.13,31.82
2025-09-14 20:00:00,20,6,1,9,366.0,32.6,0.075,3.88,238.0,8.8,80.0,318.0,9.35,28.39
2025-09-14 21:00:00,21,6,1,9,187.0,35.0,0.096,3.0,102.0,9.4,70.0,309.0,10.5,22.95
2025-09-14 22:00:00,22,6,1,9,98.0,32.9,0.077,4.06,263.0,8.5,73.0,419.0,5.53,14.44
2025-09-14 23:00:00,23,6,1,9,81.0,36.0,0.071,1.15,284.0,8.3,75.0,315.0,7.3,25.87
2025-09-15 00:00:00,0,0,0,9,153.0,35.3,0.095,4.93,321.0,5.6,80.0,293.0,7.41,17.88
2025-09-15 01:00:00,1,0,0,9,137.0,37.0,0.087,3.84,52.0,6.3,81.0,448.0,8.22,9.84
2025-09-15 02:00:00,2,0,0,9,73.0,37.8,0.075,3.38,90.0,6.7,70.0,581.0,8.45,12.64
2025-09-15 03:00:00,3,0,0,9,115.0,38.3,0.094,3.79,229.0,6.7,75.0,393.0,7.42,10.19
2025-09-15 04:00:00,4,0,0,9,107.0,34.4,0.12,1.31,39.0,8.7,77.0,284.0,10.22,29.54
2025-09-15 05:00:00,5,0,0,9,331.0,32.8,0.138,2.16,207.0,10.8,67.0,377.0,8.87,40.07
2025-09-15 06:00:00,6,0,0,9,519.0,27.6,0.145,3.59,109.0,14.1,74.0,418.0,7.98,29.69
2025-09-15 07:00:00,7,0,0,9,828.0,23.1,0.142,6.51,340.0,14.3,73.0,345.0,8.64,34.51
2025-09-15 08:00:00,8,0,0,9,1012.0,22.0,0.112,6.47,107.0,15.5,69.0,597.0,8.77,25.42
2025-09-15 09:00:00,9,0,0,9,824.0,22.3,0.1,5.71,102.0,17.5,62.0,763.0,8.2,23.94
2025-09-15 10:00:00,10,0,0,9,576.0,29.4,0.074,6.76,162.0,15.8,68.0,905.0,7.83,14.26
2025-09-15 11:00:00,11,0,0,9,367.0,34.1,0.073,3.06,25.0,17.3,67.0,903.0,7.21,24.8
2025-09-15 12:00:00,12,0,0,9,353.0,31.1,0.073,5.9,186.0,16.1,70.0,937.0,8.33,12.57
2025-09-15 13:00:00,13,0,0,9,330.0,31.7,0.074,5.03,251.0,16.4,69.0,977.0,5.49,16.71
2025-09-15 14:00:00,14,0,0,9,326.0,34.0,0.079,7.15,143.0,17.3,63.0,937.0,5.39,16.15
2025-09-15 15:00:00,15,0,0,9,437.0,32.6,0.083,1.62,23.0,14.6,76.0,772.0,11.04,27.06
2025-09-15 16:00:00,16,0,0,9,675.0,25.9,0.072,0.79,208.0,14.7,75.0,567.0,18.53,87.07
2025-09-15 17:00:00,17,0,0,9,900.0,23.5,0.078,1.44,277.0,15.3,73.0,415.0,22.27,85.56
2025-09-15 18:00:00,18,0,0,9,1004.0,23.4,0.087,6.84,262.0,11.0,75.0,353.0,10.8,36.62
2025-09-15 19:00:00,19,0,0,9,923.0,21.0,0.086,3.23,26.0,9.2,73.0,200.0,20.03,84.18
2025-09-15 20:00:00,20,0,0,9,621.0,28.9,0.056,0.93,127.0,8.7,74.0,294.0,29.07,115.91
2025-09-15 21:00:00,21,0,0,9,353.0,33.9,0.091,0.97,130.0,6.8,78.0,373.0,15.17,64.85
2025-09-15 22:00:00,22,0,0,9,111.0,34.9,0.096,1.76,189.0,7.1,71.0,289.0,9.82,25.41
2025-09-15 23:00:00,23,0,0,9,131.0,35.8,0.075,0.4,162.0,9.0,67.0,371.0,13.36,44.12
2025-09-16 00:00:00,0,1,0,9,188.0,36.5,0.086,2.99,278.0,7.3,71.0,321.0,10.61,22.27
2025-09-16 01:00:00,1,1,0,9,49.0,35.6,0.094,4.99,84.0,7.4,74.0,445.0,5.56,15.78
2025-09-16 02:00:00,2,1,0,9,180.0,36.1,0.076,2.17,263.0,5.8,72.0,414.0,8.7,20.98
2025-09-16 03:00:00,3,1,0,9,166.0,35.2,0.098,2.91,20.0,8.1,70.0,408.0,5.11,18.22
2025-09-16 04:00:00,4,1,0,9,195.0,33.7,0.092,2.94,281.0,9.3,71.0,284.0,9.81,21.26
2025-09-16 05:00:00,5,1,0,9,225.0,33.7,0.131,0.79,161.0,9.9,70.0,299.0,17.58,69.63
2025-09-16 06:00:00,6,1,0,9,498.0,30.9,0.138,1.02,343.0,12.1,65.0,297.0,22.25,110.88
2025-09-16 07:00:00,7,1,0,9,825.0,24.7,0.132,1.05,283.0,14.3,70.0,597.0,19.4,84.36
2025-09-16 08:00:00,8,1,0,9,1027.0,21.1,0.111,3.38,58.0,13.1,67.0,626.0,12.09,39.58
2025-09-16 09:00:00,9,1,0,9,874.0,24.2,0.095,2.98,203.0,15.0,74.0,805.0,9.36,32.54
2025-09-16 10:00:00,10,1,0,9,512.0,31.0,0.088,3.44,138.0,17.7,61.0,779.0,9.67,17.06
2025-09-16 11:00:00,11,1,0,9,365.0,32.7,0.074,7.59,10.0,16.3,68.0,868.0,7.41,22.52
2025-09-16 12:00:00,12,1,0,9,332.0,34.1,0.077,3.7,258.0,17.9,64.0,875.0,10.01,14.0
2025-09-16 13:00:00,13,1,0,9,337.0,32.6,0.084,2.16,176.0,16.7,65.0,1138.0,8.17,21.9
2025-09-16 14:00:00,14,1,0,9,309.0,34.0,0.077,1.5,102.0,14.1,67.0,812.0,10.86,23.99
2025-09-16 15:00:00,15,1,0,9,409.0,33.1,0.075,5.95,0.0,14.9,64.0,684.0,8.94,18.68
2025-09-16 16:00:00,16,1,0,9,662.0,27.2,0.079,1.72,310.0,13.8,78.0,667.0,11.5,43.94
2025-09-16 17:00:00,17,1,0,9,899.0,24.5,0.072,5.95,172.0,11.7,70.0,603.0,10.12,24.73
2025-09-16 18:00:00,18,1,0,9,1049.0,22.1,0.059,1.99,188.0,12.3,72.0,295.0,21.52,95.09
2025-09-16 19:00:00,19,1,0,9,875.0,21.4,0.066,1.31,77.0,10.6,75.0,266.0,30.03,131.49
2025-09-16 20:00:00,20,1,0,9,577.0,29.5,0.086,6.44,163.0,7.6,72.0,323.0,8.15,24.05
2025-09-16 21:00:00,21,1,0,9,360.0,31.5,0.079,2.3,233.0,6.5,74.0,379.0,12.6,30.09
2025-09-16 22:00:00,22,1,0,9,164.0,32.9,0.08,2.21,277.0,7.3,75.0,438.0,9.99,18.99
2025-09-16 23:00:00,23,1,0,9,93.0,38.1,0.062,2.58,208.0,5.7,69.0,356.0,9.0,17.08
2025-09-17 00:00:00,0,2,0,9,144.0,35.4,0.059,0.4,45.0,6.9,75.0,283.0,13.23,59.07
2025-09-17 01:00:00,1,2,0,9,134.0,34.7,0.074,1.18,248.0,8.5,69.0,319.0,7.5,26.31
2025-09-17 02:00:00,2,2,0,9,197.0,33.9,0.079,2.12,186.0,7.7,77.0,441.0,6.59,26.3
2025-09-17 03:00:00,3,2,0,9,157.0,36.7,0.087,2.54,148.0,8.4,75.0,265.0,7.87,23.55
2025-09-17 04:00:00,4,2,0,9,190.0,36.6,0.121,4.5,84.0,10.9,74.0,329.0,8.05,21.95
2025-09-17 05:00:00,5,2,0,9,271.0,33.9,0.144,5.24,132.0,10.9,79.0,424.0,7.15,16.98
2025-09-17 06:00:00,6,2,0,9,544.0,30.9,0.147,6.03,75.0,13.2,76.0,295.0,9.51,36.44
2025-09-17 07:00:00,7,2,0,9,775.0,24.8,0.128,3.93,39.0,14.8,69.0,602.0,9.53,31.52
2025-09-17 08:00:00,8,2,0,9,1048.0,21.9,0.104,3.72,248.0,14.4,66.0,542.0,12.14,42.52
2025-09-17 09:00:00,9,2,0,9,882.0,23.3,0.101,3.81,101.0,14.2,72.0,827.0,10.31,29.53
2025-09-17 10:00:00,10,2,0,9,547.0,30.3,0.074,1.3,64.0,15.9,72.0,852.0,11.44,33.82
2025-09-17 11:00:00,11,2,0,9,368.0,31.6,0.095,1.56,153.0,16.9,69.0,802.0,11.35,28.4
2025-09-17 12:00:00,12,2,0,9,314.0,29.8,0.084,2.13,82.0,16.5,68.0,1088.0,9.94,19.95
2025-09-17 13:00:00,13,2,0,9,282.0,33.4,0.074,3.57,44.0,17.1,63.0,877.0,8.46,20.44
2025-09-17 14:00:00,14,2,0,9,299.0,30.6,0.069,8.66,104.0,18.1,65.0,816.0,5.42,12.75
2025-09-17 15:00:00,15,2,0,9,329.0,32.1,0.058,5.86,173.0,13.4,68.0,756.0,6.76,13.71
2025-09-17 16:00:00,16,2,0,9,645.0,24.4,0.084,3.76,172.0,14.0,75.0,625.0,9.68,23.82
2025-09-17 17:00:00,17,2,0,9,936.0,25.1,0.089,9.27,235.0,12.5,74.0,541.0,8.11,31.17
2025-09-17 18:00:00,18,2,0,9,1042.0,20.5,0.065,7.16,151.0,12.0,67.0,341.0,9.32,29.36
2025-09-17 19:00:00,19,2,0,9,879.0,23.7,0.075,2.06,316.0,13.2,68.0,439.0,18.26,61.17
2025-09-17 20:00:00,20,2,0,9,539.0,29.3,0.082,2.66,175.0,7.9,77.0,291.0,14.27,40.07
2025-09-17 21:00:00,21,2,0,9,280.0,33.3,0.089,4.25,134.0,8.9,68.0,387.0,8.61,18.89
2025-09-17 22:00:00,22,2,0,9,181.0,33.9,0.091,2.36,267.0,8.6,66.0,366.0,8.32,22.17
2025-09-17 23:00:00,23,2,0,9,120.0,37.4,0.073,0.4,31.0,7.6,74.0,334.0,13.58,52.93
2025-09-18 00:00:00,0,3,0,9,145.0,32.5,0.088,1.37,250.0,9.5,69.0,242.0,10.72,30.4
2025-09-18 01:00:00,1,3,0,9,45.0,35.7,0.081,4.45,274.0,5.9,74.0,415.0,9.79,13.17
2025-09-18 02:00:00,2,3,0,9,148.0,33.0,0.067,2.06,229.0,8.7,72.0,426.0,9.01,23.18
2025-09-18 03:00:00,3,3,0,9,196.0,37.0,0.091,6.31,60.0,8.5,71.0,312.0,10.76,16.19
2025-09-18 04:00:00,4,3,0,9,160.0,34.7,0.115,2.38,20.0,10.8,69.0,297.0,7.22,23.21
2025-09-18 05:00:00,5,3,0,9,278.0,35.7,0.126,1.31,320.0,11.6,70.0,439.0,8.83,46.86
2025-09-18 06:00:00,6,3,0,9,452.0,31.7,0.134,5.94,297.0,12.6,72.0,458.0,6.56,20.82
2025-09-18 07:00:00,7,3,0,9,820.0,25.3,0.129,4.99,221.0,13.2,65.0,478.0,10.03,29.54
2025-09-18 08:00:00,8,3,0,9,1023.0,23.5,0.12,7.84,215.0,13.9,67.0,769.0,7.68,18.34
2025-09-18 09:00:00,9,3,0,9,830.0,23.4,0.102,4.32,350.0,17.5,63.0,880.0,9.1,22.4
2025-09-18 10:00:00,10,3,0,9,630.0,28.3,0.086,1.39,165.0,15.9,68.0,987.0,10.47,35.73
2025-09-18 11:00:00,11,3,0,9,387.0,34.4,0.08,8.01,328.0,17.0,59.0,941.0,9.16,14.96
2025-09-18 12:00:00,12,3,0,9,307.0,35.9,0.071,4.43,154.0,17.3,69.0,922.0,9.67,14.34
2025-09-18 13:00:00,13,3,0,9,304.0,32.2,0.065,4.08,85.0,18.4,70.0,1031.0,9.4,14.48
2025-09-18 14:00:00,14,3,0,9,339.0,31.0,0.081,3.68,1.0,16.5,65.0,895.0,5.0,22.21
2025-09-18 15:00:00,15,3,0,9,468.0,32.7,0.082,1.1,86.0,12.4,66.0,850.0,12.73,38.13
2025-09-18 16:00:00,16,3,0,9,676.0,28.9,0.064,1.89,208.0,12.4,71.0,621.0,10.6,41.51
2025-09-18 17:00:00,17,3,0,9,933.0,24.3,0.099,9.42,315.0,13.4,69.0,548.0,11.66,27.27
2025-09-18 18:00:00,18,3,0,9,1010.0,22.6,0.086,1.31,32.0,8.3,72.0,381.0,22.82,123.19
2025-09-18 19:00:00,19,3,0,9,955.0,21.5,0.097,2.21,185.0,12.5,74.0,288.0,21.95,85.18
2025-09-18 20:00:00,20,3,0,9,580.0,28.0,0.096,5.39,316.0,11.2,68.0,390.0,9.78,24.88
2025-09-18 21:00:00,21,3,0,9,313.0,33.6,0.073,3.77,309.0,8.0,73.0,406.0,8.89,20.83
2025-09-18 22:00:00,22,3,0,9,196.0,35.9,0.081,3.31,181.0,8.5,72.0,401.0,9.76,20.81
2025-09-18 23:00:00,23,3,0,9,150.0,36.1,0.098,3.79,294.0,7.3,77.0,420.0,8.68,17.98
2025-09-19 00:00:00,0,4,0,9,160.0,33.8,0.085,7.59,10.0,9.3,67.0,409.0,7.76,12.92
2025-09-19 01:00:00,1,4,0,9,168.0,34.4,0.079,1.25,47.0,7.6,73.0,409.0,12.43,30.89
2025-09-19 02:00:00,2,4,0,9,130.0,37.9,0.086,8.06,4.0,8.9,71.0,476.0,7.6,14.26
2025-09-19 03:00:00,3,4,0,9,159.0,33.7,0.097,7.63,259.0,10.1,73.0,351.0,7.85,13.6
2025-09-19 04:00:00,4,4,0,9,199.0,36.1,0.11,0.4,354.0,9.0,80.0,358.0,18.45,72.49
2025-09-19 05:00:00,5,4,0,9,270.0,35.0,0.139,2.86,204.0,10.1,74.0,300.0,9.47,27.79
2025-09-19 06:00:00,6,4,0,9,515.0,31.2,0.141,1.32,40.0,12.2,70.0,433.0,12.45,68.23
2025-09-19 07:00:00,7,4,0,9,821.0,21.1,0.118,3.45,75.0,16.3,66.0,527.0,12.68,40.62
2025-09-19 08:00:00,8,4,0,9,1005.0,20.7,0.098,8.8,134.0,10.9,70.0,802.0,7.29,20.68
2025-09-19 09:00:00,9,4,0,9,852.0,25.7,0.099,4.77,69.0,15.4,62.0,699.0,9.48,24.18
2025-09-19 10:00:00,10,4,0,9,568.0,31.1,0.067,1.52,274.0,15.1,73.0,878.0,11.57,31.99
2025-09-19 11:00:00,11,4,0,9,420.0,32.6,0.092,1.31,325.0,16.3,73.0,817.0,12.32,27.77
2025-09-19 12:00:00,12,4,0,9,330.0,33.0,0.083,2.01,331.0,17.9,70.0,924.0,9.05,17.33
2025-09-19 13:00:00,13,4,0,9,291.0,32.7,0.069,1.6,102.0,16.0,70.0,849.0,9.21,26.87
2025-09-19 14:00:00,14,4,0,9,333.0,34.6,0.099,7.57,329.0,15.8,71.0,906.0,5.16,13.57
2025-09-19 15:00:00,15,4,0,9,381.0,31.4,0.081,7.28,356.0,16.1,67.0,731.0,9.65,18.84
2025-09-19 16:00:00,16,4,0,9,560.0,29.5,0.088,2.45,145.0,13.5,67.0,520.0,11.58,29.74
2025-09-19 17:00:00,17,4,0,9,887.0,23.7,0.073,2.88,137.0,13.7,74.0,642.0,10.95,31.43
2025-09-19 18:00:00,18,4,0,9,1076.0,20.0,0.073,2.27,319.0,14.8,68.0,344.0,18.47,81.85
2025-09-19 19:00:00,19,4,0,9,850.0,22.6,0.082,1.09,264.0,8.7,74.0,505.0,21.27,87.71
2025-09-19 20:00:00,20,4,0,9,576.0,28.4,0.089,5.04,232.0,8.4,78.0,473.0,8.32,26.4
2025-09-19 21:00:00,21,4,0,9,300.0,33.5,0.079,2.57,58.0,7.3,73.0,292.0,8.7,32.48
2025-09-19 22:00:00,22,4,0,9,119.0,34.7,0.081,2.07,169.0,6.1,71.0,345.0,8.42,14.91
2025-09-19 23:00:00,23,4,0,9,121.0,37.0,0.081,4.5,154.0,4.2,76.0,248.0,7.27,16.47
2025-09-20 00:00:00,0,5,1,9,130.0,35.1,0.071,3.17,109.0,7.3,81.0,423.0,8.04,23.33
2025-09-20 01:00:00,1,5,1,9,114.0,36.3,0.074,3.54,304.0,9.3,71.0,401.0,6.84,11.93
2025-09-20 02:00:00,2,5,1,9,150.0,34.2,0.106,0.83,185.0,8.9,69.0,243.0,14.41,55.73
2025-09-20 03:00:00,3,5,1,9,112.0,36.2,0.077,2.56,126.0,8.7,75.0,285.0,9.04,20.78
2025-09-20 04:00:00,4,5,1,9,166.0,36.5,0.11,6.17,234.0,7.6,76.0,284.0,9.79,22.71
2025-09-20 05:00:00,5,5,1,9,203.0,35.3,0.12,4.57,267.0,9.9,74.0,520.0,7.35,16.25
2025-09-20 06:00:00,6,5,1,9,385.0,30.4,0.134,1.39,73.0,11.4,68.0,329.0,15.16,62.13
2025-09-20 07:00:00,7,5,1,9,656.0,27.1,0.127,7.24,214.0,12.1,71.0,458.0,12.21,20.5
2025-09-20 08:00:00,8,5,1,9,741.0,26.1,0.117,1.28,98.0,14.5,71.0,566.0,18.78,67.03
2025-09-20 09:00:00,9,5,1,9,697.0,26.1,0.099,4.05,118.0,16.2,67.0,700.0,8.88,22.7
2025-09-20 10:00:00,10,5,1,9,394.0,31.0,0.096,1.86,252.0,18.1,64.0,1085.0,8.58,23.35
2025-09-20 11:00:00,11,5,1,9,283.0,33.9,0.08,3.56,180.0,17.8,62.0,922.0,7.39,12.4
2025-09-20 12:00:00,12,5,1,9,327.0,33.9,0.096,1.46,346.0,15.8,66.0,1022.0,10.28,25.21
2025-09-20 13:00:00,13,5,1,9,248.0,34.2,0.07,3.31,86.0,15.3,67.0,976.0,8.14,16.07
2025-09-20 14:00:00,14,5,1,9,274.0,33.4,0.079,0.73,113.0,17.2,63.0,946.0,11.81,29.5
2025-09-20 15:00:00,15,5,1,9,336.0,34.5,0.079,3.15,8.0,14.4,72.0,848.0,9.3,17.27
2025-09-20 16:00:00,16,5,1,9,476.0,32.0,0.089,4.84,248.0,14.7,74.0,648.0,9.03,24.61
2025-09-20 17:00:00,17,5,1,9,656.0,26.1,0.083,5.56,252.0,13.7,68.0,512.0,7.24,17.95
2025-09-20 18:00:00,18,5,1,9,823.0,25.6,0.066,2.99,30.0,13.6,72.0,396.0,13.52,42.13
2025-09-20 19:00:00,19,5,1,9,625.0,29.0,0.088,3.42,203.0,12.6,75.0,312.0,12.66,43.93
2025-09-20 20:00:00,20,5,1,9,429.0,33.2,0.078,6.81,281.0,8.6,72.0,370.0,8.94,24.4
2025-09-20 21:00:00,21,5,1,9,216.0,33.2,0.072,3.22,172.0,8.1,80.0,377.0,8.98,21.97
2025-09-20 22:00:00,22,5,1,9,142.0,35.8,0.068,4.25,11.0,6.3,75.0,328.0,9.19,14.98
2025-09-20 23:00:00,23,5,1,9,67.0,35.4,0.071,9.21,178.0,6.8,73.0,424.0,6.58,16.06
2025-09-21 00:00:00,0,6,1,9,40.0,34.9,0.079,2.96,9.0,7.4,71.0,283.0,8.38,14.45
2025-09-21 01:00:00,1,6,1,9,40.0,37.7,0.086,3.84,346.0,8.5,75.0,468.0,8.87,11.94
2025-09-21 02:00:00,2,6,1,9,80.0,36.3,0.083,3.55,226.0,7.7,75.0,217.0,7.18,20.64
2025-09-21 03:00:00,3,6,1,9,94.0,37.2,0.093,5.66,193.0,7.2,73.0,326.0,4.21,16.3
2025-09-21 04:00:00,4,6,1,9,95.0,35.0,0.111,0.59,325.0,8.9,77.0,276.0,14.64,46.75
2025-09-21 05:00:00,5,6,1,9,155.0,34.0,0.112,5.93,3.0,10.4,74.0,581.0,5.77,16.64
2025-09-21 06:00:00,6,6,1,9,325.0,30.7,0.128,2.42,354.0,12.6,65.0,412.0,9.29,33.98
2025-09-21 07:00:00,7,6,1,9,463.0,30.4,0.128,1.41,104.0,10.4,72.0,566.0,12.99,40.14
2025-09-21 08:00:00,8,6,1,9,595.0,29.8,0.109,6.73,102.0,13.1,73.0,706.0,10.95,18.48
2025-09-21 09:00:00,9,6,1,9,572.0,27.6,0.106,1.28,15.0,17.1,72.0,603.0,13.96,57.17
2025-09-21 10:00:00,10,6,1,9,336.0,30.4,0.096,1.75,113.0,17.0,60.0,810.0,9.18,21.25
2025-09-21 11:00:00,11,6,1,9,249.0,33.6,0.073,5.55,89.0,17.2,65.0,920.0,6.54,14.91
2025-09-21 12:00:00,12,6,1,9,192.0,32.2,0.067,4.25,310.0,17.5,60.0,1077.0,7.23,17.71
2025-09-21 13:00:00,13,6,1,9,182.0,35.3,0.067,1.42,253.0,18.2,72.0,1057.0,9.17,13.5
2025-09-21 14:00:00,14,6,1,9,214.0,33.1,0.081,2.6,48.0,16.5,72.0,835.0,7.67,17.79
2025-09-21 15:00:00,15,6,1,9,264.0,34.5,0.078,4.97,250.0,14.9,72.0,831.0,7.36,15.21
2025-09-21 16:00:00,16,6,1,9,376.0,30.8,0.089,2.07,185.0,14.0,66.0,616.0,10.41,24.25
2025-09-21 17:00:00,17,6,1,9,531.0,31.4,0.085,2.15,173.0,13.2,60.0,658.0,11.33,35.53
2025-09-21 18:00:00,18,6,1,9,653.0,27.4,0.08,0.8,78.0,11.2,67.0,330.0,31.75,130.0
2025-09-21 19:00:00,19,6,1,9,531.0,30.3,0.073,0.96,86.0,11.7,72.0,289.0,23.06,104.07
2025-09-21 20:00:00,20,6,1,9,332.0,34.1,0.07,0.49,13.0,10.9,72.0,433.0,20.17,78.65
2025-09-21 21:00:00,21,6,1,9,198.0,37.2,0.075,3.81,111.0,10.4,74.0,286.0,7.36,19.86
2025-09-21 22:00:00,22,6,1,9,87.0,41.1,0.082,4.51,340.0,6.4,73.0,156.0,10.02,19.62
2025-09-21 23:00:00,23,6,1,9,75.0,37.9,0.083,5.93,113.0,7.7,71.0,385.0,7.08,13.09
2025-09-22 00:00:00,0,0,0,9,162.0,34.6,0.08,2.81,300.0,6.6,72.0,282.0,9.99,26.76
2025-09-22 01:00:00,1,0,0,9,188.0,34.8,0.075,2.56,91.0,10.0,69.0,340.0,10.41,27.78
2025-09-22 02:00:00,2,0,0,9,99.0,36.4,0.072,5.59,84.0,7.5,75.0,353.0,7.7,15.77
2025-09-22 03:00:00,3,0,0,9,207.0,36.5,0.095,2.41,273.0,8.0,72.0,245.0,10.15,29.79
2025-09-22 04:00:00,4,0,0,9,243.0,33.5,0.115,1.7,184.0,9.5,67.0,371.0,11.15,35.36
2025-09-22 05:00:00,5,0,0,9,221.0,36.6,0.124,8.43,175.0,9.0,70.0,383.0,6.63,19.69
2025-09-22 06:00:00,6,0,0,9,489.0,29.1,0.149,3.3,236.0,13.7,72.0,303.0,13.13,44.9
2025-09-22 07:00:00,7,0,0,9,817.0,23.9,0.139,0.88,33.0,15.8,71.0,515.0,25.88,115.53
2025-09-22 08:00:00,8,0,0,9,961.0,23.4,0.105,0.98,139.0,13.5,73.0,610.0,23.2,94.6
2025-09-22 09:00:00,9,0,0,9,864.0,19.8,0.089,1.79,100.0,17.3,70.0,754.0,13.64,42.96
2025-09-22 10:00:00,10,0,0,9,520.0,30.4,0.073,2.12,179.0,16.8,67.0,680.0,10.92,33.73
2025-09-22 11:00:00,11,0,0,9,364.0,31.1,0.082,1.04,319.0,16.9,69.0,854.0,12.04,31.93
2025-09-22 12:00:00,12,0,0,9,298.0,34.0,0.081,1.31,9.0,19.3,66.0,938.0,9.62,26.52
2025-09-22 13:00:00,13,0,0,9,285.0,34.0,0.058,3.06,53.0,18.7,68.0,1070.0,9.82,18.04
2025-09-22 14:00:00,14,0,0,9,391.0,31.0,0.081,6.69,168.0,17.9,70.0,1106.0,8.37,11.94
2025-09-22 15:00:00,15,0,0,9,393.0,30.5,0.081,4.53,165.0,16.3,68.0,741.0,10.33,19.32
2025-09-22 16:00:00,16,0,0,9,673.0,28.3,0.095,4.78,205.0,14.2,71.0,732.0,9.55,21.63
2025-09-22 17:00:00,17,0,0,9,906.0,25.6,0.077,6.72,208.0,13.4,70.0,392.0,9.78,33.57
2025-09-22 18:00:00,18,0,0,9,1027.0,23.3,0.088,0.67,296.0,13.0,70.0,374.0,46.55,180.0
2025-09-22 19:00:00,19,0,0,9,881.0,25.8,0.068,1.49,135.0,10.6,78.0,300.0,25.03,103.74
2025-09-22 20:00:00,20,0,0,9,602.0,31.7,0.069,6.09,210.0,9.2,72.0,229.0,11.15,32.28
2025-09-22 21:00:00,21,0,0,9,312.0,33.9,0.088,7.96,231.0,8.5,78.0,351.0,6.77,14.34
2025-09-22 22:00:00,22,0,0,9,189.0,34.8,0.084,1.09,29.0,9.8,68.0,334.0,9.89,32.39
2025-09-22 23:00:00,23,0,0,9,140.0,37.5,0.087,2.39,87.0,5.6,78.0,414.0,5.16,20.15
2025-09-23 00:00:00,0,1,0,9,76.0,38.5,0.071,3.06,262.0,6.3,75.0,389.0,6.78,12.93
2025-09-23 01:00:00,1,1,0,9,142.0,35.5,0.07,5.6,5.0,7.1,80.0,468.0,6.04,14.4
2025-09-23 02:00:00,2,1,0,9,159.0,35.6,0.081,6.05,187.0,8.0,71.0,354.0,8.64,14.93
2025-09-23 03:00:00,3,1,0,9,161.0,33.8,0.103,1.4,22.0,9.7,73.0,242.0,11.04,44.21
2025-09-23 04:00:00,4,1,0,9,206.0,36.1,0.119,0.73,290.0,9.6,64.0,349.0,16.22,56.96
2025-09-23 05:00:00,5,1,0,9,241.0,34.1,0.134,1.15,16.0,12.1,64.0,235.0,17.02,62.59
2025-09-23 06:00:00,6,1,0,9,486.0,31.6,0.147,4.21,82.0,12.4,73.0,240.0,11.59,38.02
2025-09-23 07:00:00,7,1,0,9,803.0,24.4,0.135,1.53,137.0,14.5,72.0,650.0,15.41,62.91
2025-09-23 08:00:00,8,1,0,9,952.0,23.5,0.113,0.4,284.0,15.2,70.0,672.0,32.12,164.9
2025-09-23 09:00:00,9,1,0,9,806.0,25.8,0.087,3.54,18.0,16.8,64.0,702.0,9.48,29.34
2025-09-23 10:00:00,10,1,0,9,580.0,29.5,0.097,3.44,215.0,15.8,73.0,848.0,12.21,26.47
2025-09-23 11:00:00,11,1,0,9,383.0,30.1,0.091,1.77,168.0,18.1,70.0,915.0,7.38,21.48
2025-09-23 12:00:00,12,1,0,9,311.0,33.7,0.069,0.4,259.0,16.0,70.0,894.0,10.12,46.64
2025-09-23 13:00:00,13,1,0,9,270.0,32.1,0.081,1.51,304.0,17.9,67.0,857.0,10.36,25.67
2025-09-23 14:00:00,14,1,0,9,255.0,34.0,0.084,2.3,205.0,15.5,72.0,913.0,6.76,25.89
2025-09-23 15:00:00,15,1,0,9,408.0,32.7,0.103,0.79,336.0,16.5,69.0,716.0,16.52,54.52
2025-09-23 16:00:00,16,1,0,9,590.0,27.9,0.083,2.41,127.0,15.2,68.0,631.0,12.94,28.57
2025-09-23 17:00:00,17,1,0,9,887.0,24.6,0.089,5.3,305.0,13.6,65.0,401.0,12.42,30.26
2025-09-23 18:00:00,18,1,0,9,1053.0,21.5,0.082,4.19,210.0,13.2,78.0,414.0,12.94,45.32
2025-09-23 19:00:00,19,1,0,9,886.0,22.1,0.09,2.59,61.0,9.9,68.0,316.0,17.37,67.45
2025-09-23 20:00:00,20,1,0,9,583.0,29.6,0.072,3.19,126.0,11.2,69.0,483.0,8.02,26.13
2025-09-23 21:00:00,21,1,0,9,258.0,32.2,0.069,7.35,137.0,9.9,74.0,332.0,9.81,17.1
2025-09-23 22:00:00,22,1,0,9,217.0,36.7,0.071,0.4,20.0,8.4,70.0,292.0,22.71,79.78
2025-09-23 23:00:00,23,1,0,9,210.0,32.8,0.075,12.0,256.0,6.6,72.0,388.0,7.14,21.52
2025-09-24 00:00:00,0,2,0,9,159.0,36.5,0.088,3.83,359.0,7.4,69.0,346.0,7.3,15.97
2025-09-24 01:00:00,1,2,0,9,119.0,36.9,0.076,4.52,198.0,10.0,76.0,224.0,7.73,9.89
2025-09-24 02:00:00,2,2,0,9,239.0,33.6,0.094,0.51,342.0,6.4,71.0,279.0,23.67,101.5
2025-09-24 03:00:00,3,2,0,9,201.0,32.2,0.088,2.85,235.0,9.5,68.0,355.0,9.01,21.65
2025-09-24 04:00:00,4,2,0,9,187.0,37.4,0.134,3.93,165.0,10.4,71.0,403.0,8.71,23.62
2025-09-24 05:00:00,5,2,0,9,274.0,36.6,0.131,0.79,203.0,11.3,73.0,369.0,19.84,65.68
2025-09-24 06:00:00,6,2,0,9,415.0,32.1,0.143,1.41,63.0,11.5,71.0,306.0,17.68,64.33
2025-09-24 07:00:00,7,2,0,9,852.0,24.0,0.13,4.44,270.0,14.7,69.0,585.0,12.95,27.24
2025-09-24 08:00:00,8,2,0,9,947.0,22.1,0.106,1.74,34.0,13.5,69.0,673.0,13.28,57.49
2025-09-24 09:00:00,9,2,0,9,830.0,24.7,0.098,0.87,129.0,16.6,69.0,708.0,19.92,81.96
2025-09-24 10:00:00,10,2,0,9,559.0,27.7,0.079,1.85,56.0,16.8,71.0,1029.0,9.8,24.56
2025-09-24 11:00:00,11,2,0,9,360.0,31.9,0.085,2.26,275.0,19.3,74.0,872.0,7.56,17.15
2025-09-24 12:00:00,12,2,0,9,329.0,31.5,0.062,1.15,84.0,15.7,65.0,959.0,8.64,23.24
2025-09-24 13:00:00,13,2,0,9,208.0,39.0,0.086,3.77,66.0,18.8,67.0,821.0,6.09,15.7
2025-09-24 14:00:00,14,2,0,9,328.0,32.7,0.068,5.42,189.0,14.7,73.0,951.0,6.97,12.36
2025-09-24 15:00:00,15,2,0,9,440.0,31.4,0.08,5.18,121.0,13.3,76.0,844.0,8.45,21.34
2025-09-24 16:00:00,16,2,0,9,607.0,28.2,0.083,0.61,353.0,12.2,68.0,563.0,25.72,101.55
2025-09-24 17:00:00,17,2,0,9,899.0,22.9,0.078,2.32,5.0,12.8,77.0,535.0,12.56,46.74
2025-09-24 18:00:00,18,2,0,9,1057.0,18.1,0.086,1.33,130.0,12.9,70.0,263.0,37.24,163.34
2025-09-24 19:00:00,19,2,0,9,917.0,24.2,0.078,2.83,56.0,11.5,75.0,443.0,12.73,48.86
2025-09-24 20:00:00,20,2,0,9,581.0,27.2,0.081,2.43,12.0,9.3,68.0,330.0,14.29,49.45
2025-09-24 21:00:00,21,2,0,9,322.0,32.1,0.086,2.0,150.0,9.4,71.0,243.0,12.94,46.33
2025-09-24 22:00:00,22,2,0,9,175.0,35.1,0.069,1.68,80.0,7.0,71.0,309.0,9.16,29.92
2025-09-24 23:00:00,23,2,0,9,166.0,36.6,0.092,2.06,175.0,6.9,76.0,395.0,10.5,26.5
2025-09-25 00:00:00,0,3,0,9,126.0,38.3,0.103,1.74,75.0,8.7,79.0,351.0,9.57,19.79
2025-09-25 01:00:00,1,3,0,9,107.0,38.5,0.098,4.87,97.0,7.4,75.0,220.0,5.49,20.44
2025-09-25 02:00:00,2,3,0,9,181.0,33.1,0.083,7.47,16.0,8.9,68.0,440.0,9.71,16.05
2025-09-25 03:00:00,3,3,0,9,203.0,34.3,0.077,4.38,162.0,9.0,69.0,358.0,8.43,22.5
2025-09-25 04:00:00,4,3,0,9,142.0,33.1,0.116,2.56,182.0,8.1,66.0,437.0,6.03,10.84
2025-09-25 05:00:00,5,3,0,9,285.0,33.2,0.123,2.11,82.0,9.9,75.0,170.0,17.34,58.85
2025-09-25 06:00:00,6,3,0,9,564.0,27.9,0.143,2.6,76.0,12.7,69.0,198.0,17.97,76.3
2025-09-25 07:00:00,7,3,0,9,883.0,25.1,0.144,1.58,173.0,14.3,68.0,433.0,21.96,87.11
2025-09-25 08:00:00,8,3,0,9,985.0,23.8,0.11,0.76,101.0,14.6,71.0,684.0,26.38,119.41
2025-09-25 09:00:00,9,3,0,9,859.0,25.1,0.091,4.59,94.0,16.4,57.0,929.0,8.97,27.24
2025-09-25 10:00:00,10,3,0,9,524.0,29.7,0.094,7.14,272.0,15.3,68.0,787.0,8.72,17.09
2025-09-25 11:00:00,11,3,0,9,412.0,30.5,0.077,2.5,151.0,19.2,62.0,973.0,10.25,22.11
2025-09-25 12:00:00,12,3,0,9,302.0,31.9,0.081,2.82,41.0,16.4,80.0,1066.0,6.27,14.9
2025-09-25 13:00:00,13,3,0,9,325.0,30.8,0.054,0.4,220.0,18.2,75.0,876.0,14.48,45.55
2025-09-25 14:00:00,14,3,0,9,258.0,34.5,0.072,0.96,317.0,16.5,66.0,850.0,11.67,30.66
2025-09-25 15:00:00,15,3,0,9,504.0,31.1,0.099,2.52,158.0,15.8,68.0,728.0,10.72,31.53
2025-09-25 16:00:00,16,3,0,9,674.0,28.4,0.071,9.85,78.0,16.8,72.0,702.0,8.65,15.07
2025-09-25 17:00:00,17,3,0,9,888.0,25.3,0.067,3.46,177.0,14.4,69.0,442.0,11.57,41.34
2025-09-25 18:00:00,18,3,0,9,1056.0,20.6,0.082,3.53,306.0,14.8,73.0,216.0,19.09,81.16
2025-09-25 19:00:00,19,3,0,9,939.0,25.4,0.083,3.14,247.0,11.2,73.0,235.0,16.86,72.62
2025-09-25 20:00:00,20,3,0,9,601.0,28.9,0.082,3.09,278.0,12.2,69.0,389.0,10.95,41.0
2025-09-25 21:00:00,21,3,0,9,312.0,32.4,0.079,1.34,276.0,7.9,79.0,261.0,16.51,58.47
2025-09-25 22:00:00,22,3,0,9,266.0,33.9,0.056,0.87,47.0,8.4,69.0,351.0,14.66,54.16
2025-09-25 23:00:00,23,3,0,9,97.0,36.3,0.068,3.03,256.0,7.9,81.0,312.0,9.87,15.13
2025-09-26 00:00:00,0,4,0,9,163.0,34.8,0.071,0.86,230.0,8.6,71.0,453.0,9.47,28.45
2025-09-26 01:00:00,1,4,0,9,124.0,33.4,0.097,8.94,243.0,7.0,75.0,312.0,9.51,11.93
2025-09-26 02:00:00,2,4,0,9,116.0,38.0,0.093,4.62,302.0,6.5,74.0,449.0,7.72,19.42
2025-09-26 03:00:00,3,4,0,9,142.0,36.8,0.09,3.23,167.0,8.5,77.0,363.0,11.34,17.67
2025-09-26 04:00:00,4,4,0,9,206.0,36.2,0.111,3.56,259.0,10.8,72.0,417.0,6.49,19.18
2025-09-26 05:00:00,5,4,0,9,238.0,35.2,0.118,2.05,226.0,11.1,77.0,348.0,12.28,22.62
2025-09-26 06:00:00,6,4,0,9,472.0,29.7,0.134,4.8,94.0,11.6,74.0,504.0,9.9,22.7
2025-09-26 07:00:00,7,4,0,9,858.0,25.5,0.126,3.84,272.0,13.9,63.0,392.0,14.14,41.97
2025-09-26 08:00:00,8,4,0,9,998.0,21.7,0.107,1.66,13.0,16.4,68.0,715.0,18.08,63.39
2025-09-26 09:00:00,9,4,0,9,834.0,24.8,0.105,4.43,112.0,14.2,71.0,667.0,9.78,30.44
2025-09-26 10:00:00,10,4,0,9,601.0,29.2,0.078,5.09,62.0,16.4,69.0,863.0,8.75,20.69
2025-09-26 11:00:00,11,4,0,9,334.0,33.2,0.095,3.59,102.0,17.3,73.0,857.0,7.95,16.08
2025-09-26 12:00:00,12,4,0,9,304.0,35.8,0.079,4.08,58.0,18.0,69.0,970.0,8.04,17.98
2025-09-26 13:00:00,13,4,0,9,253.0,33.4,0.07,1.07,179.0,19.1,65.0,909.0,11.07,27.71
2025-09-26 14:00:00,14,4,0,9,362.0,30.0,0.083,3.19,147.0,18.2,66.0,831.0,7.48,22.61
2025-09-26 15:00:00,15,4,0,9,410.0,33.2,0.067,2.37,269.0,15.0,70.0,784.0,6.44,22.26
2025-09-26 16:00:00,16,4,0,9,598.0,26.8,0.087,2.51,338.0,16.1,66.0,599.0,9.63,30.88
2025-09-26 17:00:00,17,4,0,9,1004.0,20.2,0.058,2.99,87.0,13.3,63.0,574.0,14.55,36.25
2025-09-26 18:00:00,18,4,0,9,1013.0,21.6,0.08,1.26,135.0,13.1,75.0,404.0,27.85,115.27
2025-09-26 19:00:00,19,4,0,9,897.0,25.9,0.077,0.79,131.0,9.4,73.0,471.0,29.45,130.82
2025-09-26 20:00:00,20,4,0,9,578.0,29.7,0.081,0.6,261.0,9.2,76.0,269.0,41.01,180.0
2025-09-26 21:00:00,21,4,0,9,310.0,32.3,0.081,2.21,167.0,7.9,68.0,150.0,16.04,59.7
2025-09-26 22:00:00,22,4,0,9,243.0,35.8,0.096,6.61,249.0,9.0,75.0,452.0,8.76,24.23
2025-09-26 23:00:00,23,4,0,9,166.0,32.7,0.077,5.98,70.0,7.1,73.0,206.0,8.57,15.36
2025-09-27 00:00:00,0,5,1,9,85.0,38.7,0.095,5.96,12.0,7.9,77.0,317.0,8.97,14.28
2025-09-27 01:00:00,1,5,1,9,62.0,38.2,0.075,6.67,252.0,9.3,69.0,250.0,6.96,10.12
2025-09-27 02:00:00,2,5,1,9,83.0,37.9,0.098,0.93,295.0,4.5,76.0,432.0,10.58,22.3
2025-09-27 03:00:00,3,5,1,9,187.0,34.1,0.101,1.14,265.0,10.0,73.0,339.0,6.77,43.06
2025-09-27 04:00:00,4,5,1,9,150.0,36.8,0.113,5.9,321.0,10.1,67.0,389.0,7.57,17.38
2025-09-27 05:00:00,5,5,1,9,186.0,37.7,0.139,0.86,194.0,11.2,71.0,150.0,21.01,94.3
2025-09-27 06:00:00,6,5,1,9,454.0,33.0,0.145,2.07,275.0,11.3,76.0,457.0,10.8,41.46
2025-09-27 07:00:00,7,5,1,9,615.0,27.1,0.125,3.85,130.0,11.1,74.0,461.0,11.04,34.54
2025-09-27 08:00:00,8,5,1,9,760.0,27.5,0.118,0.4,68.0,14.3,73.0,652.0,30.47,141.66
2025-09-27 09:00:00,9,5,1,9,671.0,25.6,0.072,7.35,124.0,16.1,67.0,887.0,6.14,15.79
2025-09-27 10:00:00,10,5,1,9,427.0,30.5,0.073,1.24,118.0,17.8,64.0,936.0,7.93,31.73
2025-09-27 11:00:00,11,5,1,9,225.0,36.5,0.093,1.43,268.0,16.4,70.0,965.0,9.4,17.74
2025-09-27 12:00:00,12,5,1,9,239.0,34.0,0.085,1.85,2.0,17.6,69.0,985.0,9.62,14.8
2025-09-27 13:00:00,13,5,1,9,242.0,36.0,0.08,3.49,69.0,20.5,65.0,1090.0,5.95,18.74
2025-09-27 14:00:00,14,5,1,9,230.0,34.1,0.077,1.82,44.0,16.6,67.0,845.0,8.96,15.95
2025-09-27 15:00:00,15,5,1,9,315.0,33.1,0.078,4.43,158.0,15.0,74.0,743.0,7.88,16.35
2025-09-27 16:00:00,16,5,1,9,517.0,29.5,0.091,5.85,126.0,15.2,71.0,632.0,7.31,18.19
2025-09-27 17:00:00,17,5,1,9,766.0,27.8,0.067,2.09,309.0,13.8,68.0,509.0,10.58,41.15
2025-09-27 18:00:00,18,5,1,9,786.0,25.8,0.092,3.72,135.0,10.9,71.0,230.0,18.63,52.61
2025-09-27 19:00:00,19,5,1,9,612.0,29.3,0.076,6.65,330.0,10.1,71.0,368.0,8.14,25.19
2025-09-27 20:00:00,20,5,1,9,434.0,31.9,0.072,2.17,331.0,10.7,72.0,328.0,12.84,39.1
2025-09-27 21:00:00,21,5,1,9,262.0,35.3,0.075,3.28,299.0,10.9,62.0,287.0,7.3,26.7
2025-09-27 22:00:00,22,5,1,9,183.0,37.7,0.078,4.83,164.0,7.7,75.0,464.0,8.33,18.33
2025-09-27 23:00:00,23,5,1,9,52.0,40.1,0.081,4.02,244.0,7.3,77.0,392.0,6.9,15.94
2025-09-28 00:00:00,0,6,1,9,147.0,36.9,0.078,2.86,294.0,6.6,72.0,432.0,6.93,17.39
2025-09-28 01:00:00,1,6,1,9,73.0,39.0,0.081,0.6,31.0,8.0,69.0,372.0,9.37,31.35
2025-09-28 02:00:00,2,6,1,9,131.0,36.1,0.098,4.04,343.0,8.4,76.0,390.0,6.25,15.12
2025-09-28 03:00:00,3,6,1,9,129.0,38.2,0.095,1.45,8.0,7.1,75.0,368.0,8.2,24.62
2025-09-28 04:00:00,4,6,1,9,116.0,37.0,0.13,2.8,8.0,10.4,79.0,408.0,8.86,18.15
2025-09-28 05:00:00,5,6,1,9,111.0,36.2,0.141,4.08,65.0,11.2,70.0,379.0,7.97,14.49
2025-09-28 06:00:00,6,6,1,9,318.0,35.6,0.146,2.87,114.0,13.9,70.0,335.0,7.39,31.37
2025-09-28 07:00:00,7,6,1,9,506.0,29.0,0.15,4.13,21.0,13.3,71.0,432.0,9.73,32.96
2025-09-28 08:00:00,8,6,1,9,620.0,28.5,0.108,2.8,96.0,14.8,71.0,693.0,11.13,26.65
2025-09-28 09:00:00,9,6,1,9,609.0,28.2,0.094,5.57,338.0,15.1,67.0,838.0,6.18,22.33
2025-09-28 10:00:00,10,6,1,9,379.0,32.0,0.083,0.81,44.0,14.0,69.0,849.0,11.99,42.87
2025-09-28 11:00:00,11,6,1,9,244.0,36.5,0.094,5.27,263.0,17.1,68.0,876.0,9.52,18.73
2025-09-28 12:00:00,12,6,1,9,202.0,35.8,0.091,1.35,359.0,16.0,69.0,829.0,11.07,18.03
2025-09-28 13:00:00,13,6,1,9,156.0,38.3,0.088,3.16,18.0,18.5,72.0,928.0,7.25,15.21
2025-09-28 14:00:00,14,6,1,9,229.0,34.9,0.086,1.71,174.0,17.0,67.0,984.0,8.53,19.68
2025-09-28 15:00:00,15,6,1,9,247.0,33.0,0.075,9.84,213.0,14.1,63.0,797.0,7.54,14.91
2025-09-28 16:00:00,16,6,1,9,412.0,30.0,0.065,2.95,127.0,14.3,68.0,553.0,11.77,19.77
2025-09-28 17:00:00,17,6,1,9,593.0,28.5,0.073,3.53,353.0,14.6,68.0,520.0,8.56,26.56
2025-09-28 18:00:00,18,6,1,9,676.0,28.5,0.082,2.11,295.0,12.2,75.0,466.0,12.62,48.2
2025-09-28 19:00:00,19,6,1,9,577.0,28.9,0.068,5.31,190.0,9.8,70.0,290.0,9.57,29.97
2025-09-28 20:00:00,20,6,1,9,361.0,33.4,0.086,3.38,307.0,11.6,68.0,312.0,11.05,31.57
2025-09-28 21:00:00,21,6,1,9,234.0,35.5,0.077,1.16,39.0,10.9,71.0,396.0,9.66,33.85
2025-09-28 22:00:00,22,6,1,9,40.0,37.4,0.074,4.36,111.0,8.7,71.0,255.0,9.2,14.85
2025-09-28 23:00:00,23,6,1,9,113.0,34.9,0.082,6.35,278.0,8.6,67.0,422.0,6.5,13.27
2025-09-29 00:00:00,0,0,0,9,72.0,37.2,0.085,4.31,72.0,6.9,78.0,444.0,6.97,9.83
2025-09-29 01:00:00,1,0,0,9,68.0,39.1,0.062,5.3,249.0,8.2,72.0,375.0,9.29,16.03
2025-09-29 02:00:00,2,0,0,9,184.0,33.8,0.075,4.77,95.0,7.8,76.0,472.0,10.84,19.86
2025-09-29 03:00:00,3,0,0,9,192.0,34.2,0.109,7.14,91.0,9.9,70.0,372.0,5.26,24.5
2025-09-29 04:00:00,4,0,0,9,150.0,36.2,0.115,5.75,57.0,9.9,74.0,195.0,10.21,20.62
2025-09-29 05:00:00,5,0,0,9,241.0,32.1,0.129,7.56,54.0,10.6,82.0,237.0,7.19,11.84
2025-09-29 06:00:00,6,0,0,9,469.0,31.6,0.144,4.98,100.0,12.2,71.0,425.0,8.92,27.34
2025-09-29 07:00:00,7,0,0,9,816.0,25.6,0.13,1.92,314.0,12.8,74.0,433.0,16.78,69.12
2025-09-29 08:00:00,8,0,0,9,1018.0,21.5,0.134,1.2,195.0,12.8,73.0,670.0,17.13,82.1
2025-09-29 09:00:00,9,0,0,9,808.0,25.9,0.081,3.82,128.0,15.6,66.0,725.0,13.2,29.52
2025-09-29 10:00:00,10,0,0,9,562.0,28.1,0.078,3.32,56.0,15.8,73.0,883.0,8.94,20.86
2025-09-29 11:00:00,11,0,0,9,369.0,33.0,0.067,6.83,152.0,16.3,67.0,936.0,3.9,20.06
2025-09-29 12:00:00,12,0,0,9,313.0,32.8,0.089,8.12,321.0,18.3,68.0,1076.0,5.81,14.66
2025-09-29 13:00:00,13,0,0,9,347.0,30.5,0.078,3.43,12.0,18.4,64.0,1011.0,11.21,17.56
2025-09-29 14:00:00,14,0,0,9,310.0,31.6,0.075,6.66,45.0,17.0,66.0,874.0,6.88,14.12
2025-09-29 15:00:00,15,0,0,9,385.0,32.5,0.067,4.71,51.0,18.3,65.0,807.0,6.21,12.45
2025-09-29 16:00:00,16,0,0,9,613.0,29.8,0.094,2.6,137.0,13.4,69.0,618.0,11.85,29.4
2025-09-29 17:00:00,17,0,0,9,932.0,25.5,0.074,3.82,149.0,13.9,71.0,436.0,11.88,39.15
2025-09-29 18:00:00,18,0,0,9,1092.0,20.5,0.072,3.1,327.0,14.3,68.0,264.0,19.57,71.76
2025-09-29 19:00:00,19,0,0,9,915.0,24.0,0.077,4.48,145.0,11.8,66.0,482.0,13.07,32.43
2025-09-29 20:00:00,20,0,0,9,594.0,26.1,0.08,1.07,109.0,12.3,70.0,416.0,20.52,82.13
2025-09-29 21:00:00,21,0,0,9,307.0,32.1,0.074,5.16,170.0,8.7,72.0,451.0,8.69,18.31
2025-09-29 22:00:00,22,0,0,9,136.0,37.9,0.084,7.35,341.0,8.1,71.0,356.0,6.83,14.86
2025-09-29 23:00:00,23,0,0,9,119.0,35.7,0.068,1.43,348.0,6.9,77.0,262.0,7.42,27.16
2025-09-30 00:00:00,0,1,0,9,153.0,37.8,0.09,2.15,260.0,7.4,75.0,339.0,9.01,18.48
2025-09-30 01:00:00,1,1,0,9,108.0,35.9,0.09,1.5,309.0,9.0,73.0,228.0,12.01,32.49
2025-09-30 02:00:00,2,1,0,9,158.0,32.7,0.086,5.44,139.0,7.9,76.0,374.0,7.17,16.35
2025-09-30 03:00:00,3,1,0,9,212.0,33.8,0.087,3.42,10.0,9.2,69.0,216.0,9.8,23.77
2025-09-30 04:00:00,4,1,0,9,191.0,36.4,0.107,1.78,37.0,8.5,69.0,390.0,10.98,26.46
2025-09-30 05:00:00,5,1,0,9,228.0,33.1,0.135,0.58,15.0,10.8,67.0,352.0,17.75,79.18
2025-09-30 06:00:00,6,1,0,9,500.0,29.5,0.148,2.02,285.0,10.4,75.0,359.0,16.1,50.44
2025-09-30 07:00:00,7,1,0,9,817.0,25.0,0.128,2.87,30.0,14.9,72.0,548.0,11.78,36.13
2025-09-30 08:00:00,8,1,0,9,986.0,23.3,0.124,2.45,60.0,17.4,72.0,701.0,11.49,46.44
2025-09-30 09:00:00,9,1,0,9,863.0,25.3,0.094,9.3,10.0,14.2,69.0,754.0,9.49,17.74
2025-09-30 10:00:00,10,1,0,9,591.0,30.3,0.087,1.61,92.0,16.9,77.0,852.0,12.21,33.43
2025-09-30 11:00:00,11,1,0,9,298.0,34.1,0.087,3.86,112.0,17.0,75.0,812.0,6.33,14.06
2025-09-30 12:00:00,12,1,0,9,305.0,33.5,0.093,2.06,44.0,17.3,62.0,1030.0,7.61,16.76
2025-09-30 13:00:00,13,1,0,9,281.0,34.5,0.09,5.43,114.0,16.6,72.0,891.0,7.51,10.59
2025-09-30 14:00:00,14,1,0,9,370.0,34.8,0.089,10.71,102.0,17.9,64.0,768.0,8.89,15.85
2025-09-30 15:00:00,15,1,0,9,496.0,29.1,0.093,4.59,133.0,14.6,72.0,862.0,9.61,19.23
2025-09-30 16:00:00,16,1,0,9,597.0,27.5,0.071,5.63,148.0,16.4,67.0,461.0,8.21,27.11
2025-09-30 17:00:00,17,1,0,9,932.0,24.3,0.068,3.49,99.0,12.8,66.0,529.0,12.97,34.07
2025-09-30 18:00:00,18,1,0,9,1022.0,23.2,0.068,2.12,218.0,12.8,66.0,364.0,18.42,66.88
2025-09-30 19:00:00,19,1,0,9,866.0,24.2,0.081,1.84,156.0,10.1,78.0,418.0,16.95,68.68
2025-09-30 20:00:00,20,1,0,9,559.0,29.9,0.074,3.06,211.0,11.7,74.0,394.0,13.86,42.1
2025-09-30 21:00:00,21,1,0,9,317.0,29.9,0.091,11.15,101.0,7.7,72.0,393.0,10.37,20.98
2025-09-30 22:00:00,22,1,0,9,195.0,37.2,0.063,2.64,127.0,7.0,75.0,359.0,11.23,20.75
2025-09-30 23:00:00,23,1,0,9,85.0,34.9,0.083,3.37,123.0,10.2,75.0,438.0,7.82,14.89
2025-10-01 00:00:00,0,2,0,10,132.0,38.0,0.08,2.81,54.0,8.6,78.0,238.0,9.93,27.06
2025-10-01 01:00:00,1,2,0,10,119.0,35.9,0.061,1.78,127.0,8.4,70.0,333.0,8.87,21.07
2025-10-01 02:00:00,2,2,0,10,151.0,36.0,0.08,4.37,94.0,8.8,76.0,253.0,8.85,18.02
2025-10-01 03:00:00,3,2,0,10,146.0,33.9,0.103,1.01,10.0,7.8,71.0,357.0,12.19,30.73
2025-10-01 04:00:00,4,2,0,10,221.0,33.7,0.097,4.96,157.0,10.9,67.0,345.0,8.27,17.4
2025-10-01 05:00:00,5,2,0,10,330.0,30.7,0.138,5.09,226.0,10.2,67.0,448.0,9.08,21.06
2025-10-01 06:00:00,6,2,0,10,475.0,30.1,0.128,11.42,273.0,14.4,68.0,409.0,6.3,20.42
2025-10-01 07:00:00,7,2,0,10,835.0,22.4,0.127,2.96,162.0,15.3,69.0,566.0,12.64,33.76
2025-10-01 08:00:00,8,2,0,10,995.0,20.5,0.101,3.36,245.0,15.6,70.0,723.0,8.87,35.74
2025-10-01 09:00:00,9,2,0,10,888.0,26.1,0.12,3.41,143.0,16.5,73.0,687.0,9.84,36.34
2025-10-01 10:00:00,10,2,0,10,580.0,29.3,0.074,6.61,126.0,16.8,75.0,835.0,9.19,16.11
2025-10-01 11:00:00,11,2,0,10,433.0,31.8,0.093,3.1,57.0,18.1,68.0,869.0,6.24,26.01
2025-10-01 12:00:00,12,2,0,10,339.0,32.5,0.075,4.34,64.0,17.1,68.0,1009.0,5.5,12.9
2025-10-01 13:00:00,13,2,0,10,302.0,33.4,0.092,3.53,204.0,17.0,68.0,935.0,4.51,15.46
2025-10-01 14:00:00,14,2,0,10,352.0,32.2,0.06,2.4,73.0,17.4,68.0,932.0,8.89,15.72
2025-10-01 15:00:00,15,2,0,10,390.0,32.3,0.095,3.25,121.0,17.8,67.0,794.0,5.64,26.68
2025-10-01 16:00:00,16,2,0,10,691.0,25.9,0.07,8.82,299.0,15.2,64.0,663.0,7.81,17.01
2025-10-01 17:00:00,17,2,0,10,908.0,25.6,0.075,1.71,45.0,13.6,69.0,526.0,14.05,63.52
2025-10-01 18:00:00,18,2,0,10,1096.0,18.9,0.07,3.72,111.0,13.5,71.0,330.0,15.69,51.99
2025-10-01 19:00:00,19,2,0,10,843.0,26.1,0.066,4.53,308.0,12.3,74.0,342.0,11.56,39.9
2025-10-01 20:00:00,20,2,0,10,550.0,29.7,0.077,5.93,17.0,10.6,67.0,364.0,8.92,25.23
2025-10-01 21:00:00,21,2,0,10,327.0,34.4,0.091,4.84,309.0,9.1,70.0,319.0,9.1,20.56
2025-10-01 22:00:00,22,2,0,10,260.0,34.2,0.086,0.73,217.0,9.8,74.0,365.0,15.94,64.74
2025-10-01 23:00:00,23,2,0,10,151.0,36.1,0.085,3.25,338.0,8.8,77.0,404.0,8.98,15.05
2025-10-02 00:00:00,0,3,0,10,141.0,35.1,0.085,7.99,199.0,9.7,75.0,424.0,6.59,12.6
2025-10-02 01:00:00,1,3,0,10,82.0,38.0,0.085,1.12,39.0,9.4,75.0,338.0,7.66,24.1
2025-10-02 02:00:00,2,3,0,10,171.0,36.3,0.067,2.96,309.0,7.6,77.0,459.0,8.86,16.4
2025-10-02 03:00:00,3,3,0,10,122.0,38.3,0.091,2.67,102.0,10.0,69.0,393.0,9.59,24.24
2025-10-02 04:00:00,4,3,0,10,201.0,33.4,0.105,2.94,237.0,9.1,63.0,319.0,7.45,20.39
2025-10-02 05:00:00,5,3,0,10,276.0,32.5,0.131,2.21,104.0,12.7,70.0,328.0,10.09,33.67
2025-10-02 06:00:00,6,3,0,10,484.0,32.3,0.135,3.02,300.0,13.5,74.0,335.0,14.62,38.38
2025-10-02 07:00:00,7,3,0,10,785.0,27.5,0.132,4.61,250.0,12.0,73.0,594.0,10.93,30.31
2025-10-02 08:00:00,8,3,0,10,1087.0,20.1,0.094,2.15,98.0,14.6,65.0,649.0,14.61,54.57
2025-10-02 09:00:00,9,3,0,10,875.0,24.9,0.1,7.85,116.0,17.0,68.0,819.0,6.3,18.41
2025-10-02 10:00:00,10,3,0,10,550.0,29.2,0.061,1.21,205.0,14.0,68.0,944.0,9.36,38.43
2025-10-02 11:00:00,11,3,0,10,359.0,33.2,0.085,1.36,43.0,15.7,72.0,994.0,9.04,28.37
2025-10-02 12:00:00,12,3,0,10,304.0,32.5,0.092,1.95,150.0,18.2,66.0,979.0,5.67,16.12
2025-10-02 13:00:00,13,3,0,10,315.0,32.8,0.074,2.93,129.0,18.9,65.0,984.0,8.7,19.29
2025-10-02 14:00:00,14,3,0,10,393.0,32.7,0.087,2.95,139.0,16.5,70.0,645.0,9.32,22.59
2025-10-02 15:00:00,15,3,0,10,441.0,30.3,0.071,3.08,48.0,16.6,64.0,734.0,7.0,27.35
2025-10-02 16:00:00,16,3,0,10,653.0,28.9,0.061,2.07,154.0,15.4,67.0,592.0,11.37,31.18
2025-10-02 17:00:00,17,3,0,10,906.0,22.7,0.075,3.67,192.0,16.3,75.0,432.0,12.46,43.93
2025-10-02 18:00:00,18,3,0,10,1013.0,24.3,0.089,4.0,64.0,13.8,68.0,222.0,16.64,68.66
2025-10-02 19:00:00,19,3,0,10,834.0,24.1,0.068,3.6,124.0,10.5,72.0,307.0,12.71,52.55
2025-10-02 20:00:00,20,3,0,10,551.0,31.4,0.074,7.47,329.0,10.4,76.0,242.0,8.56,29.06
2025-10-02 21:00:00,21,3,0,10,306.0,31.9,0.077,2.44,111.0,10.6,74.0,384.0,8.8,24.62
2025-10-02 22:00:00,22,3,0,10,170.0,34.2,0.071,4.74,98.0,9.2,72.0,373.0,8.65,19.73
2025-10-02 23:00:00,23,3,0,10,139.0,35.4,0.06,6.18,302.0,7.2,77.0,413.0,7.63,19.28
2025-10-03 00:00:00,0,4,0,10,147.0,35.8,0.059,3.68,10.0,8.5,78.0,476.0,7.08,14.28
2025-10-03 01:00:00,1,4,0,10,90.0,35.6,0.083,4.84,175.0,6.0,69.0,419.0,9.36,17.89
2025-10-03 02:00:00,2,4,0,10,99.0,39.1,0.09,3.01,296.0,8.0,74.0,340.0,9.31,19.08
2025-10-03 03:00:00,3,4,0,10,193.0,34.7,0.097,3.58,70.0,8.5,73.0,374.0,5.94,14.26
2025-10-03 04:00:00,4,4,0,10,145.0,36.1,0.107,6.05,277.0,9.4,67.0,406.0,10.07,14.63
2025-10-03 05:00:00,5,4,0,10,254.0,33.6,0.139,1.06,149.0,9.4,72.0,264.0,17.34,66.43
2025-10-03 06:00:00,6,4,0,10,476.0,32.7,0.13,2.15,346.0,11.8,72.0,338.0,15.1,53.36
2025-10-03 07:00:00,7,4,0,10,834.0,25.5,0.126,1.36,194.0,14.9,74.0,564.0,18.79,64.55
2025-10-03 08:00:00,8,4,0,10,994.0,21.3,0.086,2.58,357.0,15.2,66.0,661.0,11.74,43.37
2025-10-03 09:00:00,9,4,0,10,817.0,23.6,0.096,2.92,249.0,15.7,69.0,796.0,10.77,27.94
2025-10-03 10:00:00,10,4,0,10,549.0,27.4,0.085,7.39,262.0,19.3,71.0,888.0,10.5,14.18
2025-10-03 11:00:00,11,4,0,10,334.0,34.5,0.072,1.47,142.0,19.0,59.0,909.0,6.99,28.36
2025-10-03 12:00:00,12,4,0,10,366.0,29.0,0.07,3.6,78.0,18.8,64.0,952.0,8.88,13.59
2025-10-03 13:00:00,13,4,0,10,291.0,34.4,0.075,7.79,220.0,17.2,64.0,1089.0,7.78,16.55
2025-10-03 14:00:00,14,4,0,10,333.0,32.3,0.097,4.04,213.0,18.6,68.0,867.0,6.57,20.37
2025-10-03 15:00:00,15,4,0,10,380.0,31.1,0.057,6.36,86.0,15.6,67.0,756.0,9.64,17.15
2025-10-03 16:00:00,16,4,0,10,635.0,30.2,0.081,5.23,307.0,15.3,64.0,529.0,9.56,21.32
2025-10-03 17:00:00,17,4,0,10,905.0,23.8,0.087,3.13,173.0,14.1,67.0,531.0,12.74,40.62
2025-10-03 18:00:00,18,4,0,10,1026.0,21.3,0.091,8.49,187.0,14.6,72.0,166.0,14.54,59.2
2025-10-03 19:00:00,19,4,0,10,888.0,24.0,0.065,2.67,327.0,12.7,74.0,365.0,15.69,54.24
2025-10-03 20:00:00,20,4,0,10,587.0,30.4,0.074,0.47,6.0,11.1,71.0,516.0,27.22,124.43
2025-10-03 21:00:00,21,4,0,10,293.0,35.0,0.085,3.16,106.0,7.7,76.0,376.0,7.53,24.92
2025-10-03 22:00:00,22,4,0,10,216.0,34.6,0.089,2.67,333.0,9.7,70.0,480.0,7.9,21.28
2025-10-03 23:00:00,23,4,0,10,181.0,35.2,0.067,0.4,216.0,9.5,74.0,342.0,17.91,63.63
2025-10-04 00:00:00,0,5,1,10,67.0,35.2,0.109,0.4,236.0,7.6,67.0,454.0,11.51,29.96
2025-10-04 01:00:00,1,5,1,10,135.0,38.7,0.069,2.21,299.0,6.8,78.0,402.0,8.82,23.41
2025-10-04 02:00:00,2,5,1,10,147.0,35.8,0.09,6.32,211.0,8.3,72.0,454.0,6.84,15.9
2025-10-04 03:00:00,3,5,1,10,119.0,36.8,0.102,4.49,221.0,8.8,69.0,182.0,9.1,18.59
2025-10-04 04:00:00,4,5,1,10,122.0,37.2,0.098,3.6,286.0,8.5,75.0,376.0,8.18,16.01
2025-10-04 05:00:00,5,5,1,10,247.0,31.4,0.143,3.41,191.0,12.5,70.0,413.0,7.14,25.45
2025-10-04 06:00:00,6,5,1,10,388.0,32.3,0.129,2.3,346.0,12.9,72.0,209.0,14.82,53.41
2025-10-04 07:00:00,7,5,1,10,611.0,29.8,0.126,5.43,161.0,13.1,73.0,698.0,8.87,20.84
2025-10-04 08:00:00,8,5,1,10,878.0,26.3,0.1,0.62,161.0,14.8,69.0,568.0,28.78,144.78
2025-10-04 09:00:00,9,5,1,10,627.0,27.0,0.08,7.09,249.0,16.2,70.0,735.0,6.28,17.07
2025-10-04 10:00:00,10,5,1,10,442.0,30.3,0.098,2.03,210.0,15.7,67.0,852.0,9.16,26.48
2025-10-04 11:00:00,11,5,1,10,257.0,38.2,0.083,3.3,10.0,18.7,71.0,919.0,8.08,25.46
2025-10-04 12:00:00,12,5,1,10,232.0,36.6,0.069,5.11,300.0,18.0,66.0,696.0,8.5,9.25
2025-10-04 13:00:00,13,5,1,10,249.0,34.9,0.078,2.57,37.0,15.2,63.0,897.0,7.6,22.8
2025-10-04 14:00:00,14,5,1,10,278.0,32.2,0.077,1.23,172.0,16.5,60.0,841.0,9.5,24.46
2025-10-04 15:00:00,15,5,1,10,299.0,31.4,0.078,1.41,33.0,15.6,70.0,711.0,6.97,25.3
2025-10-04 16:00:00,16,5,1,10,464.0,35.1,0.102,2.44,87.0,18.8,71.0,744.0,7.95,30.86
2025-10-04 17:00:00,17,5,1,10,713.0,25.8,0.078,2.7,225.0,15.8,65.0,476.0,10.74,40.49
2025-10-04 18:00:00,18,5,1,10,837.0,24.5,0.078,2.64,2.0,14.2,70.0,295.0,15.28,65.22
2025-10-04 19:00:00,19,5,1,10,638.0,27.2,0.073,0.97,24.0,12.6,59.0,380.0,22.34,98.59
2025-10-04 20:00:00,20,5,1,10,477.0,29.8,0.076,1.06,79.0,10.5,70.0,150.0,34.34,153.98
2025-10-04 21:00:00,21,5,1,10,254.0,36.3,0.078,2.8,345.0,10.5,75.0,398.0,9.39,22.82
2025-10-04 22:00:00,22,5,1,10,173.0,34.8,0.088,4.24,356.0,8.1,73.0,338.0,5.3,20.47
2025-10-04 23:00:00,23,5,1,10,118.0,36.5,0.068,5.04,227.0,6.2,75.0,300.0,8.52,20.28
2025-10-05 00:00:00,0,6,1,10,103.0,37.3,0.079,1.66,298.0,9.6,70.0,372.0,9.48,24.01
2025-10-05 01:00:00,1,6,1,10,49.0,36.1,0.094,12.0,161.0,7.4,67.0,373.0,5.93,13.67
2025-10-05 02:00:00,2,6,1,10,83.0,36.6,0.091,1.87,245.0,9.1,68.0,356.0,5.24,16.79
2025-10-05 03:00:00,3,6,1,10,126.0,36.3,0.103,2.88,22.0,8.2,69.0,389.0,7.9,23.42
2025-10-05 04:00:00,4,6,1,10,142.0,36.1,0.116,1.64,305.0,12.1,71.0,287.0,11.91,29.25
2025-10-05 05:00:00,5,6,1,10,185.0,36.5,0.119,3.89,336.0,9.8,68.0,494.0,5.3,15.31
2025-10-05 06:00:00,6,6,1,10,265.0,36.4,0.12,4.86,76.0,14.0,68.0,315.0,8.35,14.97
2025-10-05 07:00:00,7,6,1,10,468.0,33.7,0.117,2.41,187.0,15.8,70.0,575.0,11.79,26.48
2025-10-05 08:00:00,8,6,1,10,695.0,26.8,0.107,1.61,189.0,14.7,70.0,407.0,16.1,69.32
2025-10-05 09:00:00,9,6,1,10,538.0,31.0,0.092,4.9,321.0,16.1,70.0,700.0,9.14,23.7
2025-10-05 10:00:00,10,6,1,10,368.0,34.6,0.086,5.58,65.0,18.5,64.0,939.0,8.33,19.94
2025-10-05 11:00:00,11,6,1,10,239.0,34.0,0.079,3.5,320.0,16.2,66.0,961.0,8.19,16.78
2025-10-05 12:00:00,12,6,1,10,194.0,35.3,0.085,0.92,173.0,19.0,62.0,886.0,9.62,20.88
2025-10-05 13:00:00,13,6,1,10,239.0,35.0,0.087,3.04,126.0,18.7,66.0,1028.0,9.18,11.46
2025-10-05 14:00:00,14,6,1,10,227.0,31.6,0.08,2.79,193.0,16.8,58.0,899.0,7.61,19.19
2025-10-05 15:00:00,15,6,1,10,251.0,32.0,0.076,8.51,205.0,19.5,64.0,689.0,5.16,14.06
2025-10-05 16:00:00,16,6,1,10,376.0,31.9,0.087,2.67,50.0,14.7,70.0,533.0,11.47,24.11
2025-10-05 17:00:00,17,6,1,10,572.0,28.0,0.085,4.18,67.0,15.3,72.0,453.0,8.93,27.08
2025-10-05 18:00:00,18,6,1,10,686.0,26.5,0.092,2.25,99.0,14.3,78.0,427.0,13.47,50.77
2025-10-05 19:00:00,19,6,1,10,493.0,30.8,0.086,8.17,357.0,11.5,70.0,385.0,8.56,21.82
2025-10-05 20:00:00,20,6,1,10,295.0,33.5,0.079,3.41,317.0,10.5,67.0,417.0,11.48,24.11
2025-10-05 21:00:00,21,6,1,10,130.0,35.3,0.084,1.85,59.0,6.6,69.0,305.0,9.8,26.86
2025-10-05 22:00:00,22,6,1,10,126.0,35.2,0.09,0.66,246.0,8.0,70.0,366.0,9.71,43.43
2025-10-05 23:00:00,23,6,1,10,40.0,35.4,0.076,4.32,223.0,8.6,63.0,356.0,5.42,8.37
2025-10-06 00:00:00,0,0,0,10,170.0,34.2,0.065,1.82,70.0,6.9,73.0,362.0,11.25,29.17
2025-10-06 01:00:00,1,0,0,10,134.0,35.7,0.076,1.65,272.0,7.5,78.0,356.0,11.24,24.02
2025-10-06 02:00:00,2,0,0,10,163.0,36.6,0.087,0.56,106.0,8.7,75.0,223.0,17.61,74.2
2025-10-06 03:00:00,3,0,0,10,114.0,38.6,0.092,2.76,243.0,9.4,73.0,334.0,10.96,17.73
2025-10-06 04:00:00,4,0,0,10,194.0,34.2,0.103,2.56,167.0,8.9,74.0,285.0,8.81,25.96
2025-10-06 05:00:00,5,0,0,10,193.0,34.4,0.141,3.19,285.0,12.3,74.0,286.0,10.18,27.2
2025-10-06 06:00:00,6,0,0,10,499.0,31.2,0.162,4.35,35.0,15.5,67.0,369.0,11.26,32.12
2025-10-06 07:00:00,7,0,0,10,837.0,26.0,0.136,2.63,142.0,14.2,76.0,557.0,14.61,47.42
2025-10-06 08:00:00,8,0,0,10,943.0,20.5,0.115,1.55,281.0,15.2,72.0,714.0,17.29,61.34
2025-10-06 09:00:00,9,0,0,10,903.0,22.4,0.08,2.68,356.0,16.4,68.0,854.0,10.21,29.17
2025-10-06 10:00:00,10,0,0,10,538.0,28.4,0.078,3.61,158.0,18.9,71.0,798.0,8.83,24.34
2025-10-06 11:00:00,11,0,0,10,451.0,30.0,0.11,0.62,280.0,16.7,70.0,951.0,14.93,50.44
2025-10-06 12:00:00,12,0,0,10,301.0,34.6,0.104,1.28,205.0,15.5,67.0,953.0,7.16,27.55
2025-10-06 13:00:00,13,0,0,10,366.0,33.9,0.072,1.98,318.0,18.4,64.0,942.0,7.62,17.72
2025-10-06 14:00:00,14,0,0,10,287.0,33.2,0.076,6.24,37.0,17.6,68.0,969.0,9.41,24.06
2025-10-06 15:00:00,15,0,0,10,397.0,32.8,0.077,2.72,168.0,16.9,70.0,758.0,6.58,24.78
2025-10-06 16:00:00,16,0,0,10,633.0,27.4,0.076,10.76,76.0,14.5,78.0,753.0,5.73,15.86
2025-10-06 17:00:00,17,0,0,10,898.0,22.7,0.088,3.2,22.0,11.6,72.0,555.0,12.03,35.94
2025-10-06 18:00:00,18,0,0,10,1078.0,20.3,0.078,2.81,257.0,12.1,68.0,427.0,14.94,58.94
2025-10-06 19:00:00,19,0,0,10,911.0,25.2,0.077,1.73,243.0,11.2,68.0,354.0,18.64,87.01
2025-10-06 20:00:00,20,0,0,10,567.0,27.5,0.096,4.44,252.0,11.5,77.0,442.0,11.53,26.69
2025-10-06 21:00:00,21,0,0,10,294.0,34.4,0.094,0.82,149.0,10.7,71.0,402.0,14.36,59.61
2025-10-06 22:00:00,22,0,0,10,147.0,35.5,0.081,5.21,184.0,10.3,71.0,418.0,9.97,17.48
2025-10-06 23:00:00,23,0,0,10,175.0,34.2,0.06,7.01,260.0,7.4,71.0,210.0,10.02,25.08
2025-10-07 00:00:00,0,1,0,10,118.0,34.8,0.088,10.91,38.0,6.3,80.0,476.0,5.88,16.2
2025-10-07 01:00:00,1,1,0,10,122.0,35.7,0.073,0.41,164.0,9.2,73.0,341.0,13.25,50.44
2025-10-07 02:00:00,2,1,0,10,89.0,35.7,0.084,3.22,258.0,7.9,75.0,319.0,5.52,18.95
2025-10-07 03:00:00,3,1,0,10,150.0,34.3,0.097,0.99,70.0,9.2,71.0,435.0,13.38,31.94
2025-10-07 04:00:00,4,1,0,10,161.0,34.1,0.114,2.36,326.0,11.1,73.0,390.0,4.78,23.04
2025-10-07 05:00:00,5,1,0,10,280.0,33.5,0.103,1.24,308.0,11.7,65.0,327.0,12.92,46.77
2025-10-07 06:00:00,6,1,0,10,541.0,30.1,0.135,5.16,165.0,13.3,76.0,448.0,10.16,32.22
2025-10-07 07:00:00,7,1,0,10,850.0,24.5,0.146,2.12,312.0,15.5,67.0,539.0,15.24,56.86
2025-10-07 08:00:00,8,1,0,10,997.0,23.2,0.122,4.35,10.0,16.1,66.0,466.0,12.3,40.08
2025-10-07 09:00:00,9,1,0,10,852.0,22.5,0.108,3.33,99.0,18.6,71.0,764.0,10.59,29.38
2025-10-07 10:00:00,10,1,0,10,539.0,29.3,0.065,3.93,128.0,15.4,66.0,905.0,8.89,19.4
2025-10-07 11:00:00,11,1,0,10,397.0,31.0,0.084,3.89,112.0,17.3,66.0,891.0,6.73,18.21
2025-10-07 12:00:00,12,1,0,10,349.0,32.0,0.076,6.2,22.0,19.0,60.0,1027.0,7.16,11.01
2025-10-07 13:00:00,13,1,0,10,305.0,31.5,0.096,1.81,232.0,18.4,66.0,904.0,9.0,23.16
2025-10-07 14:00:00,14,1,0,10,276.0,31.0,0.069,6.35,172.0,16.7,67.0,923.0,5.45,11.68
2025-10-07 15:00:00,15,1,0,10,456.0,31.2,0.08,3.19,275.0,17.2,67.0,685.0,4.3,22.65
2025-10-07 16:00:00,16,1,0,10,603.0,30.2,0.08,5.22,103.0,16.9,70.0,708.0,7.71,19.83
2025-10-07 17:00:00,17,1,0,10,940.0,23.2,0.1,3.1,24.0,16.0,75.0,421.0,15.74,45.8
2025-10-07 18:00:00,18,1,0,10,1021.0,21.3,0.077,1.82,209.0,14.5,67.0,258.0,28.08,121.71
2025-10-07 19:00:00,19,1,0,10,875.0,22.2,0.064,3.8,15.0,12.1,75.0,310.0,11.43,49.1
2025-10-07 20:00:00,20,1,0,10,542.0,30.6,0.066,3.08,334.0,10.9,73.0,391.0,9.59,32.6
2025-10-07 21:00:00,21,1,0,10,287.0,33.7,0.085,3.78,283.0,7.3,73.0,403.0,7.89,19.98
2025-10-07 22:00:00,22,1,0,10,165.0,34.4,0.088,5.95,56.0,8.5,72.0,223.0,8.29,19.56
2025-10-07 23:00:00,23,1,0,10,163.0,36.6,0.083,5.25,145.0,6.4,69.0,343.0,7.83,19.52
2025-10-08 00:00:00,0,2,0,10,182.0,31.0,0.078,2.9,177.0,8.5,60.0,444.0,8.06,20.87
2025-10-08 01:00:00,1,2,0,10,120.0,36.1,0.079,5.94,230.0,8.8,71.0,560.0,4.71,18.88
2025-10-08 02:00:00,2,2,0,10,162.0,36.2,0.076,4.35,67.0,9.2,72.0,291.0,8.01,18.95
2025-10-08 03:00:00,3,2,0,10,130.0,37.2,0.102,3.05,152.0,10.5,70.0,386.0,7.48,13.44
2025-10-08 04:00:00,4,2,0,10,223.0,34.3,0.119,4.87,227.0,10.2,76.0,437.0,5.67,20.81
2025-10-08 05:00:00,5,2,0,10,295.0,34.4,0.136,0.56,201.0,10.0,74.0,371.0,18.14,98.24
2025-10-08 06:00:00,6,2,0,10,503.0,31.9,0.151,2.56,65.0,13.1,65.0,482.0,13.09,28.35
2025-10-08 07:00:00,7,2,0,10,793.0,26.3,0.134,0.57,210.0,15.3,70.0,379.0,46.52,180.0
2025-10-08 08:00:00,8,2,0,10,939.0,23.1,0.133,4.33,347.0,13.0,69.0,537.0,12.49,33.95
2025-10-08 09:00:00,9,2,0,10,827.0,22.8,0.106,4.4,187.0,18.7,70.0,730.0,9.8,26.79
2025-10-08 10:00:00,10,2,0,10,580.0,27.9,0.073,5.2,137.0,17.6,63.0,783.0,8.16,20.72
2025-10-08 11:00:00,11,2,0,10,349.0,34.9,0.066,1.08,77.0,20.0,63.0,853.0,10.57,33.55
2025-10-08 12:00:00,12,2,0,10,288.0,33.4,0.085,2.73,291.0,17.7,66.0,1011.0,7.29,17.82
2025-10-08 13:00:00,13,2,0,10,231.0,33.8,0.099,2.39,223.0,19.7,63.0,1045.0,9.6,22.26
2025-10-08 14:00:00,14,2,0,10,365.0,32.7,0.084,3.14,147.0,17.2,71.0,846.0,11.14,18.61
2025-10-08 15:00:00,15,2,0,10,455.0,29.5,0.098,4.54,38.0,17.4,71.0,706.0,8.97,18.67
2025-10-08 16:00:00,16,2,0,10,594.0,29.0,0.07,4.79,277.0,15.4,65.0,724.0,8.65,20.75
2025-10-08 17:00:00,17,2,0,10,842.0,26.6,0.066,5.0,32.0,14.7,69.0,513.0,8.35,27.33
2025-10-08 18:00:00,18,2,0,10,994.0,23.0,0.078,1.61,40.0,13.8,71.0,398.0,21.57,92.36
2025-10-08 19:00:00,19,2,0,10,895.0,24.4,0.084,1.91,334.0,12.7,64.0,379.0,18.42,74.71
2025-10-08 20:00:00,20,2,0,10,555.0,26.6,0.07,2.72,325.0,10.2,70.0,405.0,9.28,36.23
2025-10-08 21:00:00,21,2,0,10,368.0,29.6,0.087,0.4,350.0,10.4,69.0,503.0,19.93,79.09
2025-10-08 22:00:00,22,2,0,10,233.0,33.0,0.084,1.31,244.0,10.6,73.0,570.0,10.74,31.09
2025-10-08 23:00:00,23,2,0,10,140.0,35.8,0.093,0.56,162.0,7.6,73.0,324.0,14.57,51.48
2025-10-09 00:00:00,0,3,0,10,181.0,38.3,0.074,5.8,209.0,9.6,72.0,365.0,7.59,20.1
2025-10-09 01:00:00,1,3,0,10,96.0,35.9,0.073,2.2,1.0,8.5,70.0,344.0,8.49,19.07
2025-10-09 02:00:00,2,3,0,10,204.0,36.5,0.074,2.12,61.0,11.0,72.0,356.0,10.38,27.23
2025-10-09 03:00:00,3,3,0,10,201.0,37.0,0.106,4.94,14.0,8.6,71.0,368.0,9.35,17.33
2025-10-09 04:00:00,4,3,0,10,146.0,33.9,0.1,4.45,85.0,9.8,63.0,262.0,7.28,25.33
2025-10-09 05:00:00,5,3,0,10,245.0,36.2,0.135,4.09,326.0,9.8,72.0,294.0,8.87,18.24
2025-10-09 06:00:00,6,3,0,10,514.0,26.6,0.149,3.49,202.0,13.4,74.0,423.0,12.65,30.08
2025-10-09 07:00:00,7,3,0,10,858.0,25.9,0.151,4.23,348.0,14.0,74.0,515.0,11.01,37.27
2025-10-09 08:00:00,8,3,0,10,1051.0,20.4,0.12,1.88,55.0,15.7,68.0,532.0,18.01,66.89
2025-10-09 09:00:00,9,3,0,10,841.0,24.9,0.103,2.64,37.0,17.8,69.0,845.0,10.07,29.47
2025-10-09 10:00:00,10,3,0,10,540.0,29.5,0.093,5.05,249.0,16.6,64.0,723.0,9.47,22.06
2025-10-09 11:00:00,11,3,0,10,368.0,31.4,0.085,3.77,329.0,17.7,69.0,1052.0,6.51,14.45
2025-10-09 12:00:00,12,3,0,10,349.0,33.3,0.084,4.46,228.0,17.7,67.0,949.0,7.1,16.38
2025-10-09 13:00:00,13,3,0,10,278.0,34.1,0.068,3.01,6.0,16.2,73.0,969.0,11.94,18.68
2025-10-09 14:00:00,14,3,0,10,395.0,35.6,0.073,3.8,229.0,15.0,68.0,796.0,6.0,16.09
2025-10-09 15:00:00,15,3,0,10,433.0,31.2,0.073,1.82,95.0,16.0,61.0,827.0,9.42,31.9
2025-10-09 16:00:00,16,3,0,10,612.0,30.7,0.092,10.56,106.0,15.1,72.0,817.0,8.02,20.33
2025-10-09 17:00:00,17,3,0,10,969.0,25.4,0.067,2.27,345.0,12.8,72.0,399.0,19.63,67.57
2025-10-09 18:00:00,18,3,0,10,1056.0,21.6,0.089,4.41,42.0,13.7,66.0,349.0,16.35,46.96
2025-10-09 19:00:00,19,3,0,10,901.0,23.2,0.07,3.48,237.0,12.0,74.0,475.0,9.28,41.43
2025-10-09 20:00:00,20,3,0,10,547.0,31.2,0.077,4.72,263.0,11.2,76.0,314.0,9.84,33.14
2025-10-09 21:00:00,21,3,0,10,312.0,35.2,0.095,3.63,40.0,9.8,73.0,314.0,10.94,28.74
2025-10-09 22:00:00,22,3,0,10,220.0,33.6,0.084,2.45,28.0,10.0,64.0,388.0,10.49,23.65
2025-10-09 23:00:00,23,3,0,10,151.0,37.2,0.066,3.61,215.0,5.9,75.0,394.0,8.27,18.69
2025-10-10 00:00:00,0,4,0,10,167.0,36.3,0.09,2.1,13.0,7.0,68.0,391.0,11.31,24.42
2025-10-10 01:00:00,1,4,0,10,86.0,36.8,0.078,2.98,280.0,10.5,69.0,424.0,6.06,21.23
2025-10-10 02:00:00,2,4,0,10,199.0,32.9,0.081,1.0,338.0,10.0,72.0,324.0,12.32,42.52
2025-10-10 03:00:00,3,4,0,10,173.0,33.4,0.108,4.79,212.0,10.1,70.0,501.0,9.75,18.51
2025-10-10 04:00:00,4,4,0,10,156.0,33.7,0.107,2.09,241.0,10.3,78.0,293.0,6.42,22.73
2025-10-10 05:00:00,5,4,0,10,272.0,32.7,0.145,6.56,250.0,12.7,76.0,430.0,7.54,18.51
2025-10-10 06:00:00,6,4,0,10,539.0,28.6,0.144,3.23,258.0,15.0,68.0,257.0,12.1,50.54
2025-10-10 07:00:00,7,4,0,10,845.0,26.3,0.133,4.83,136.0,14.7,65.0,404.0,11.36,37.57
2025-10-10 08:00:00,8,4,0,10,1042.0,20.9,0.121,3.36,94.0,15.1,70.0,519.0,12.17,41.5
2025-10-10 09:00:00,9,4,0,10,873.0,26.4,0.089,3.51,233.0,16.8,62.0,867.0,9.9,27.65
2025-10-10 10:00:00,10,4,0,10,559.0,31.6,0.088,2.54,55.0,20.4,74.0,870.0,9.39,23.39
2025-10-10 11:00:00,11,4,0,10,336.0,32.4,0.093,3.97,80.0,18.6,68.0,989.0,8.83,19.22
2025-10-10 12:00:00,12,4,0,10,245.0,36.1,0.069,3.03,189.0,18.9,68.0,925.0,7.72,14.43
2025-10-10 13:00:00,13,4,0,10,325.0,33.4,0.07,5.42,52.0,16.2,74.0,877.0,8.46,17.17
2025-10-10 14:00:00,14,4,0,10,361.0,27.6,0.06,7.94,278.0,17.1,68.0,687.0,8.28,19.29
2025-10-10 15:00:00,15,4,0,10,389.0,31.5,0.084,2.11,283.0,16.2,74.0,701.0,8.15,24.34
2025-10-10 16:00:00,16,4,0,10,696.0,24.8,0.079,2.61,298.0,14.8,69.0,677.0,8.0,34.42
2025-10-10 17:00:00,17,4,0,10,988.0,22.5,0.093,3.67,350.0,12.8,67.0,501.0,9.92,41.95
2025-10-10 18:00:00,18,4,0,10,940.0,24.8,0.09,3.38,146.0,14.1,67.0,408.0,12.76,47.03
2025-10-10 19:00:00,19,4,0,10,871.0,24.5,0.103,4.68,8.0,10.0,71.0,384.0,11.17,39.61
2025-10-10 20:00:00,20,4,0,10,517.0,29.6,0.085,1.72,312.0,9.7,74.0,276.0,16.49,71.19
2025-10-10 21:00:00,21,4,0,10,303.0,33.3,0.071,3.82,133.0,10.0,72.0,377.0,8.15,23.22
2025-10-10 22:00:00,22,4,0,10,155.0,36.5,0.093,5.74,33.0,8.3,85.0,447.0,9.83,16.41
2025-10-10 23:00:00,23,4,0,10,87.0,38.6,0.075,9.42,51.0,8.8,65.0,226.0,8.97,10.69
2025-10-11 00:00:00,0,5,1,10,180.0,36.6,0.087,4.57,116.0,7.7,70.0,296.0,9.7,22.16
2025-10-11 01:00:00,1,5,1,10,153.0,36.4,0.081,1.23,238.0,10.2,69.0,422.0,9.13,25.74
2025-10-11 02:00:00,2,5,1,10,73.0,35.7,0.082,5.09,168.0,9.9,68.0,246.0,9.39,13.34
2025-10-11 03:00:00,3,5,1,10,202.0,36.1,0.073,4.83,136.0,9.2,73.0,255.0,7.82,23.88
2025-10-11 04:00:00,4,5,1,10,169.0,36.0,0.105,12.0,211.0,9.6,75.0,315.0,7.31,11.86
2025-10-11 05:00:00,5,5,1,10,232.0,35.0,0.127,4.2,8.0,11.7,68.0,333.0,6.26,16.49
2025-10-11 06:00:00,6,5,1,10,359.0,32.5,0.152,3.69,216.0,14.5,73.0,340.0,8.41,27.18
2025-10-11 07:00:00,7,5,1,10,669.0,27.3,0.132,5.68,185.0,15.1,71.0,491.0,9.21,29.55
2025-10-11 08:00:00,8,5,1,10,752.0,26.7,0.111,1.99,94.0,16.5,72.0,612.0,14.24,45.81
2025-10-11 09:00:00,9,5,1,10,656.0,26.3,0.095,0.8,317.0,18.0,70.0,732.0,18.75,67.05
2025-10-11 10:00:00,10,5,1,10,401.0,32.7,0.092,0.91,252.0,16.0,69.0,839.0,10.75,39.35
2025-10-11 11:00:00,11,5,1,10,264.0,35.4,0.091,0.9,131.0,19.2,66.0,936.0,10.07,32.07
2025-10-11 12:00:00,12,5,1,10,247.0,37.1,0.087,0.96,300.0,18.6,64.0,1108.0,8.86,24.41
2025-10-11 13:00:00,13,5,1,10,277.0,33.1,0.08,1.94,330.0,18.9,66.0,998.0,5.72,20.66
2025-10-11 14:00:00,14,5,1,10,327.0,34.8,0.1,8.55,304.0,19.8,68.0,873.0,11.29,17.53
2025-10-11 15:00:00,15,5,1,10,331.0,31.3,0.065,3.39,103.0,18.4,65.0,848.0,5.9,19.2
2025-10-11 16:00:00,16,5,1,10,546.0,32.0,0.072,0.91,191.0,14.0,67.0,605.0,13.23,61.28
2025-10-11 17:00:00,17,5,1,10,667.0,24.0,0.097,2.96,304.0,15.8,70.0,385.0,12.33,45.06
2025-10-11 18:00:00,18,5,1,10,778.0,26.7,0.081,3.21,142.0,15.1,62.0,509.0,11.49,39.26
2025-10-11 19:00:00,19,5,1,10,663.0,29.5,0.095,0.47,313.0,12.3,70.0,297.0,47.66,180.0
2025-10-11 20:00:00,20,5,1,10,447.0,32.2,0.092,0.7,17.0,10.4,74.0,314.0,26.38,115.39
2025-10-11 21:00:00,21,5,1,10,203.0,34.0,0.084,1.33,24.0,10.4,71.0,394.0,9.6,31.26
2025-10-11 22:00:00,22,5,1,10,153.0,35.2,0.073,4.56,225.0,9.0,75.0,335.0,7.85,26.01
2025-10-11 23:00:00,23,5,1,10,169.0,34.8,0.084,4.04,188.0,8.0,70.0,303.0,7.17,24.89
2025-10-12 00:00:00,0,6,1,10,76.0,38.3,0.071,3.84,93.0,7.6,74.0,405.0,6.07,15.79
2025-10-12 01:00:00,1,6,1,10,76.0,36.1,0.095,1.7,53.0,11.0,69.0,251.0,7.69,21.16
2025-10-12 02:00:00,2,6,1,10,77.0,37.4,0.056,1.05,30.0,7.1,77.0,258.0,10.14,21.95
2025-10-12 03:00:00,3,6,1,10,125.0,33.3,0.085,1.53,307.0,8.3,76.0,403.0,10.92,22.99
2025-10-12 04:00:00,4,6,1,10,173.0,37.0,0.105,6.51,200.0,7.9,66.0,235.0,8.29,23.38
2025-10-12 05:00:00,5,6,1,10,182.0,33.9,0.114,3.34,308.0,12.1,76.0,368.0,7.04,18.3
2025-10-12 06:00:00,6,6,1,10,260.0,35.5,0.142,4.51,234.0,14.1,68.0,340.0,10.14,21.23
2025-10-12 07:00:00,7,6,1,10,549.0,32.2,0.125,4.65,177.0,14.4,72.0,496.0,7.93,26.54
2025-10-12 08:00:00,8,6,1,10,694.0,29.2,0.106,3.33,323.0,14.6,72.0,563.0,10.8,31.77
2025-10-12 09:00:00,9,6,1,10,575.0,28.5,0.103,7.13,71.0,16.8,62.0,777.0,7.88,21.46
2025-10-12 10:00:00,10,6,1,10,412.0,32.6,0.093,5.11,9.0,15.4,71.0,864.0,6.36,21.12
2025-10-12 11:00:00,11,6,1,10,234.0,37.3,0.075,4.91,41.0,17.5,69.0,973.0,8.03,13.39
2025-10-12 12:00:00,12,6,1,10,174.0,33.8,0.084,3.54,182.0,18.2,58.0,925.0,11.58,21.63
2025-10-12 13:00:00,13,6,1,10,246.0,33.2,0.08,4.96,277.0,18.7,66.0,988.0,10.79,15.78
2025-10-12 14:00:00,14,6,1,10,191.0,34.4,0.089,1.18,295.0,19.2,62.0,761.0,9.55,23.58
2025-10-12 15:00:00,15,6,1,10,232.0,33.3,0.082,0.85,121.0,15.9,68.0,754.0,12.21,27.5
2025-10-12 16:00:00,16,6,1,10,385.0,33.3,0.07,0.64,304.0,16.7,75.0,567.0,16.44,65.48
2025-10-12 17:00:00,17,6,1,10,552.0,27.9,0.081,6.45,87.0,15.7,69.0,589.0,7.55,18.12
2025-10-12 18:00:00,18,6,1,10,603.0,30.4,0.086,5.91,36.0,13.8,73.0,305.0,9.98,32.91
2025-10-12 19:00:00,19,6,1,10,564.0,32.7,0.086,1.06,20.0,13.4,72.0,296.0,25.52,101.1
2025-10-12 20:00:00,20,6,1,10,336.0,32.9,0.078,7.31,287.0,10.3,79.0,402.0,6.55,19.32
2025-10-12 21:00:00,21,6,1,10,198.0,37.4,0.082,2.57,282.0,10.7,74.0,416.0,7.18,24.67
2025-10-12 22:00:00,22,6,1,10,40.0,35.5,0.077,6.36,175.0,9.1,73.0,263.0,6.33,12.71
2025-10-12 23:00:00,23,6,1,10,134.0,36.6,0.072,3.87,121.0,7.1,79.0,373.0,9.3,17.5
2025-10-13 00:00:00,0,0,0,10,130.0,33.8,0.1,2.7,1.0,6.9,79.0,289.0,10.76,19.27
2025-10-13 01:00:00,1,0,0,10,201.0,34.6,0.083,4.59,124.0,6.4,69.0,344.0,5.46,16.95
2025-10-13 02:00:00,2,0,0,10,151.0,36.7,0.081,5.16,312.0,8.5,74.0,283.0,9.29,16.93
2025-10-13 03:00:00,3,0,0,10,209.0,33.8,0.116,3.91,42.0,9.0,72.0,297.0,7.56,22.99
2025-10-13 04:00:00,4,0,0,10,194.0,35.0,0.118,5.91,294.0,10.3,75.0,531.0,6.56,13.88
2025-10-13 05:00:00,5,0,0,10,258.0,33.5,0.135,2.33,195.0,11.5,69.0,330.0,9.79,26.99
2025-10-13 06:00:00,6,0,0,10,477.0,29.4,0.151,1.19,98.0,15.0,73.0,417.0,18.08,68.36
2025-10-13 07:00:00,7,0,0,10,835.0,24.7,0.141,6.31,202.0,15.7,73.0,484.0,8.7,26.07
2025-10-13 08:00:00,8,0,0,10,1037.0,21.9,0.12,2.1,116.0,14.5,67.0,717.0,13.66,50.76
2025-10-13 09:00:00,9,0,0,10,838.0,23.6,0.092,2.2,238.0,17.2,69.0,749.0,9.23,34.94
2025-10-13 10:00:00,10,0,0,10,573.0,29.6,0.08,6.78,345.0,18.4,71.0,760.0,7.53,24.02
2025-10-13 11:00:00,11,0,0,10,381.0,30.9,0.075,1.97,183.0,17.2,64.0,841.0,6.7,27.48
2025-10-13 12:00:00,12,0,0,10,368.0,31.0,0.061,3.03,155.0,18.0,72.0,1047.0,6.49,18.68
2025-10-13 13:00:00,13,0,0,10,293.0,31.6,0.084,2.61,105.0,20.4,68.0,1039.0,7.91,20.06
2025-10-13 14:00:00,14,0,0,10,357.0,31.4,0.096,1.78,153.0,19.8,71.0,871.0,9.18,24.8
2025-10-13 15:00:00,15,0,0,10,401.0,31.3,0.08,3.12,106.0,17.7,71.0,739.0,11.9,20.23
2025-10-13 16:00:00,16,0,0,10,597.0,31.0,0.077,3.65,191.0,17.9,70.0,692.0,10.64,24.9
2025-10-13 17:00:00,17,0,0,10,903.0,22.5,0.068,8.15,26.0,15.7,74.0,568.0,7.75,27.84
2025-10-13 18:00:00,18,0,0,10,1052.0,21.0,0.065,2.29,331.0,12.9,64.0,254.0,24.58,91.39
2025-10-13 19:00:00,19,0,0,10,904.0,24.4,0.085,9.02,176.0,11.1,69.0,307.0,11.72,34.26
2025-10-13 20:00:00,20,0,0,10,474.0,29.6,0.072,2.56,137.0,12.6,74.0,256.0,13.69,45.27
2025-10-13 21:00:00,21,0,0,10,364.0,34.2,0.07,2.5,305.0,10.1,74.0,272.0,13.24,40.5
2025-10-13 22:00:00,22,0,0,10,160.0,37.8,0.088,2.82,317.0,8.8,69.0,309.0,10.38,20.19
2025-10-13 23:00:00,23,0,0,10,137.0,37.0,0.104,3.3,72.0,8.3,72.0,366.0,9.17,13.56
2025-10-14 00:00:00,0,1,0,10,96.0,36.2,0.075,7.64,241.0,9.3,68.0,282.0,7.36,15.31
2025-10-14 01:00:00,1,1,0,10,117.0,34.7,0.093,2.33,203.0,8.6,70.0,421.0,7.54,22.66
2025-10-14 02:00:00,2,1,0,10,112.0,35.7,0.092,0.4,195.0,10.1,74.0,407.0,13.22,40.84
2025-10-14 03:00:00,3,1,0,10,169.0,36.3,0.093,1.44,78.0,11.4,70.0,291.0,11.66,35.89
2025-10-14 04:00:00,4,1,0,10,174.0,34.9,0.103,3.21,222.0,9.3,73.0,306.0,9.97,23.19
2025-10-14 05:00:00,5,1,0,10,225.0,35.1,0.117,0.88,40.0,12.7,72.0,435.0,11.66,44.54
2025-10-14 06:00:00,6,1,0,10,464.0,29.7,0.132,0.99,257.0,14.6,67.0,291.0,23.57,104.75
2025-10-14 07:00:00,7,1,0,10,843.0,22.6,0.137,5.3,232.0,12.4,79.0,462.0,7.64,35.65
2025-10-14 08:00:00,8,1,0,10,1011.0,20.6,0.124,1.97,42.0,17.6,66.0,532.0,17.07,66.23
2025-10-14 09:00:00,9,1,0,10,804.0,23.5,0.107,3.16,13.0,18.6,70.0,759.0,9.59,33.08
2025-10-14 10:00:00,10,1,0,10,555.0,29.3,0.093,3.02,243.0,19.0,56.0,824.0,8.69,25.08
2025-10-14 11:00:00,11,1,0,10,343.0,31.5,0.081,7.43,244.0,17.4,65.0,903.0,11.05,11.49
2025-10-14 12:00:00,12,1,0,10,335.0,32.2,0.069,3.45,114.0,18.6,67.0,857.0,8.03,15.63
2025-10-14 13:00:00,13,1,0,10,322.0,31.0,0.079,1.5,120.0,19.3,68.0,983.0,7.97,21.97
2025-10-14 14:00:00,14,1,0,10,329.0,33.2,0.083,0.85,312.0,17.8,70.0,1075.0,11.6,33.27
2025-10-14 15:00:00,15,1,0,10,393.0,29.8,0.09,1.64,349.0,17.3,72.0,851.0,8.23,34.4
2025-10-14 16:00:00,16,1,0,10,638.0,30.3,0.09,8.74,16.0,17.2,67.0,616.0,8.21,21.28
2025-10-14 17:00:00,17,1,0,10,966.0,24.6,0.077,6.8,230.0,13.3,64.0,536.0,9.81,27.01
2025-10-14 18:00:00,18,1,0,10,1063.0,18.8,0.08,7.84,193.0,14.5,72.0,372.0,10.69,34.68
2025-10-14 19:00:00,19,1,0,10,852.0,28.0,0.096,5.69,179.0,12.6,67.0,349.0,11.78,31.93
2025-10-14 20:00:00,20,1,0,10,517.0,30.5,0.077,1.25,288.0,12.5,69.0,192.0,29.47,117.05
2025-10-14 21:00:00,21,1,0,10,347.0,32.1,0.075,1.85,354.0,8.9,80.0,277.0,12.43,43.29
2025-10-14 22:00:00,22,1,0,10,135.0,35.4,0.076,2.09,88.0,8.0,78.0,259.0,11.06,28.55
2025-10-14 23:00:00,23,1,0,10,76.0,35.9,0.072,2.27,114.0,9.8,73.0,270.0,4.76,18.33
2025-10-15 00:00:00,0,2,0,10,139.0,34.4,0.087,3.93,170.0,7.0,69.0,372.0,5.23,19.38
2025-10-15 01:00:00,1,2,0,10,100.0,35.4,0.09,2.58,344.0,8.3,71.0,431.0,7.78,18.68
2025-10-15 02:00:00,2,2,0,10,199.0,35.1,0.09,4.96,28.0,9.5,70.0,426.0,9.99,20.28
2025-10-15 03:00:00,3,2,0,10,170.0,36.1,0.088,3.62,270.0,11.0,71.0,304.0,5.26,23.67
2025-10-15 04:00:00,4,2,0,10,175.0,36.5,0.108,2.28,245.0,11.7,74.0,387.0,9.89,24.78
2025-10-15 05:00:00,5,2,0,10,272.0,35.3,0.133,6.16,29.0,10.9,74.0,381.0,9.78,15.98
2025-10-15 06:00:00,6,2,0,10,499.0,31.1,0.144,11.15,66.0,14.6,72.0,306.0,9.31,22.5
2025-10-15 07:00:00,7,2,0,10,799.0,27.7,0.134,2.39,211.0,12.5,70.0,495.0,13.05,58.43
2025-10-15 08:00:00,8,2,0,10,1032.0,23.0,0.121,3.69,35.0,15.4,71.0,616.0,9.73,37.63
2025-10-15 09:00:00,9,2,0,10,879.0,21.1,0.087,2.03,336.0,19.2,67.0,716.0,14.38,43.41
2025-10-15 10:00:00,10,2,0,10,577.0,28.2,0.086,0.85,246.0,16.7,66.0,820.0,15.49,52.81
2025-10-15 11:00:00,11,2,0,10,445.0,30.7,0.09,2.46,284.0,14.9,65.0,1051.0,9.62,22.53
2025-10-15 12:00:00,12,2,0,10,313.0,33.9,0.083,3.58,265.0,17.3,66.0,829.0,8.3,14.07
2025-10-15 13:00:00,13,2,0,10,291.0,32.4,0.081,3.45,84.0,18.4,65.0,884.0,8.46,15.89
2025-10-15 14:00:00,14,2,0,10,338.0,34.3,0.088,1.17,353.0,16.8,65.0,831.0,10.17,34.47
2025-10-15 15:00:00,15,2,0,10,387.0,32.1,0.071,1.41,259.0,17.3,71.0,742.0,10.58,35.52
2025-10-15 16:00:00,16,2,0,10,625.0,30.2,0.067,4.84,90.0,15.0,66.0,677.0,6.54,17.99
2025-10-15 17:00:00,17,2,0,10,965.0,23.9,0.077,2.51,134.0,15.7,68.0,417.0,14.11,57.17
2025-10-15 18:00:00,18,2,0,10,1039.0,20.8,0.062,4.37,351.0,14.5,71.0,483.0,11.31,34.5
2025-10-15 19:00:00,19,2,0,10,898.0,22.6,0.09,2.85,357.0,14.3,68.0,397.0,16.77,48.89
2025-10-15 20:00:00,20,2,0,10,479.0,33.6,0.077,1.32,204.0,10.7,70.0,364.0,17.74,58.68
2025-10-15 21:00:00,21,2,0,10,348.0,34.2,0.072,5.96,263.0,9.2,70.0,395.0,9.1,21.79
2025-10-15 22:00:00,22,2,0,10,141.0,33.5,0.067,2.07,122.0,7.9,70.0,377.0,8.24,20.27
2025-10-15 23:00:00,23,2,0,10,127.0,34.5,0.077,0.57,320.0,9.1,75.0,290.0,14.29,44.97
2025-10-16 00:00:00,0,3,0,10,203.0,33.3,0.076,2.04,205.0,10.6,73.0,379.0,9.36,27.74
2025-10-16 01:00:00,1,3,0,10,154.0,34.1,0.084,3.42,59.0,7.2,78.0,248.0,7.38,25.81
2025-10-16 02:00:00,2,3,0,10,154.0,37.3,0.081,6.63,10.0,12.4,71.0,404.0,7.46,15.56
2025-10-16 03:00:00,3,3,0,10,125.0,37.5,0.09,3.1,331.0,9.6,73.0,419.0,9.58,16.86
2025-10-16 04:00:00,4,3,0,10,235.0,33.1,0.119,2.87,258.0,11.6,75.0,302.0,9.92,27.72
2025-10-16 05:00:00,5,3,0,10,236.0,33.5,0.122,5.95,270.0,13.5,70.0,311.0,6.51,19.97
2025-10-16 06:00:00,6,3,0,10,470.0,25.8,0.135,3.37,308.0,11.4,74.0,279.0,12.29,43.06
2025-10-16 07:00:00,7,3,0,10,851.0,24.5,0.133,2.39,48.0,14.1,70.0,475.0,16.64,51.52
2025-10-16 08:00:00,8,3,0,10,1019.0,23.0,0.129,2.05,339.0,17.0,78.0,613.0,14.51,52.96
2025-10-16 09:00:00,9,3,0,10,872.0,25.1,0.096,2.94,211.0,18.8,71.0,704.0,10.7,35.19
2025-10-16 10:00:00,10,3,0,10,592.0,29.8,0.088,7.44,209.0,15.4,69.0,851.0,6.45,19.86
2025-10-16 11:00:00,11,3,0,10,372.0,35.5,0.089,3.61,262.0,18.3,64.0,928.0,10.4,21.33
2025-10-16 12:00:00,12,3,0,10,349.0,33.4,0.088,1.81,272.0,18.6,70.0,977.0,9.4,17.26
2025-10-16 13:00:00,13,3,0,10,306.0,32.7,0.069,1.4,24.0,18.9,74.0,979.0,10.31,23.75
2025-10-16 14:00:00,14,3,0,10,351.0,32.8,0.089,2.05,222.0,20.7,65.0,930.0,8.8,21.52
2025-10-16 15:00:00,15,3,0,10,379.0,33.4,0.078,5.88,309.0,17.4,67.0,813.0,7.86,18.03
2025-10-16 16:00:00,16,3,0,10,611.0,26.5,0.074,0.62,260.0,16.6,65.0,594.0,20.59,93.82
2025-10-16 17:00:00,17,3,0,10,965.0,23.5,0.09,9.72,50.0,15.3,70.0,473.0,8.01,27.83
2025-10-16 18:00:00,18,3,0,10,1080.0,19.2,0.095,3.82,320.0,14.5,68.0,381.0,13.97,47.66
2025-10-16 19:00:00,19,3,0,10,831.0,22.6,0.078,0.74,4.0,11.8,65.0,399.0,34.66,145.63
2025-10-16 20:00:00,20,3,0,10,605.0,30.1,0.088,1.25,197.0,10.3,75.0,346.0,20.14,84.83
2025-10-16 21:00:00,21,3,0,10,313.0,31.2,0.073,3.0,221.0,11.2,66.0,261.0,13.23,32.59
2025-10-16 22:00:00,22,3,0,10,218.0,35.1,0.078,3.78,60.0,9.0,71.0,493.0,8.41,13.32
2025-10-16 23:00:00,23,3,0,10,81.0,38.2,0.068,3.61,175.0,7.1,79.0,270.0,7.22,17.67
2025-10-17 00:00:00,0,4,0,10,146.0,38.0,0.082,1.56,225.0,8.6,76.0,371.0,9.24,28.94
2025-10-17 01:00:00,1,4,0,10,104.0,34.7,0.077,0.54,80.0,8.5,79.0,311.0,12.56,41.92
2025-10-17 02:00:00,2,4,0,10,133.0,36.6,0.073,3.59,282.0,7.3,75.0,397.0,4.73,14.92
2025-10-17 03:00:00,3,4,0,10,224.0,33.9,0.101,4.69,256.0,10.1,74.0,313.0,9.92,24.29
2025-10-17 04:00:00,4,4,0,10,165.0,37.0,0.114,6.55,214.0,10.9,68.0,342.0,7.54,17.13
2025-10-17 05:00:00,5,4,0,10,296.0,33.5,0.146,9.49,332.0,13.7,67.0,493.0,8.11,17.02
2025-10-17 06:00:00,6,4,0,10,484.0,32.0,0.153,3.51,196.0,14.0,68.0,432.0,13.96,32.02
2025-10-17 07:00:00,7,4,0,10,792.0,27.9,0.13,2.69,5.0,16.1,64.0,444.0,16.85,47.35
2025-10-17 08:00:00,8,4,0,10,1005.0,22.7,0.106,3.94,9.0,15.9,66.0,681.0,9.48,31.02
2025-10-17 09:00:00,9,4,0,10,881.0,27.0,0.09,1.54,258.0,16.9,71.0,866.0,14.71,47.62
2025-10-17 10:00:00,10,4,0,10,549.0,30.5,0.092,5.72,358.0,19.1,72.0,827.0,8.84,21.74
2025-10-17 11:00:00,11,4,0,10,387.0,30.4,0.075,0.42,236.0,16.9,70.0,782.0,16.37,55.29
2025-10-17 12:00:00,12,4,0,10,376.0,33.6,0.092,1.64,278.0,18.1,62.0,897.0,10.09,24.98
2025-10-17 13:00:00,13,4,0,10,304.0,35.4,0.09,1.9,114.0,18.2,66.0,830.0,7.72,17.89
2025-10-17 14:00:00,14,4,0,10,346.0,33.6,0.102,2.75,195.0,15.9,76.0,827.0,11.23,21.95
2025-10-17 15:00:00,15,4,0,10,407.0,34.3,0.078,0.5,109.0,17.1,65.0,825.0,17.28,60.19
2025-10-17 16:00:00,16,4,0,10,597.0,26.6,0.094,0.41,124.0,14.7,68.0,682.0,22.04,105.83
2025-10-17 17:00:00,17,4,0,10,882.0,25.1,0.094,3.02,250.0,13.7,70.0,418.0,13.61,46.47
2025-10-17 18:00:00,18,4,0,10,1029.0,21.6,0.1,5.59,102.0,16.0,71.0,427.0,10.34,37.41
2025-10-17 19:00:00,19,4,0,10,885.0,24.6,0.068,3.28,344.0,14.2,73.0,453.0,12.1,41.44
2025-10-17 20:00:00,20,4,0,10,539.0,30.6,0.088,9.4,176.0,12.6,70.0,292.0,7.2,25.29
2025-10-17 21:00:00,21,4,0,10,306.0,35.2,0.087,4.92,291.0,12.4,74.0,478.0,9.58,20.53
2025-10-17 22:00:00,22,4,0,10,173.0,35.8,0.077,4.5,17.0,9.8,76.0,403.0,5.97,14.85
2025-10-17 23:00:00,23,4,0,10,159.0,33.7,0.085,2.09,292.0,7.7,79.0,351.0,8.86,24.39
2025-10-18 00:00:00,0,5,1,10,195.0,32.8,0.075,5.08,105.0,9.4,69.0,409.0,7.87,21.36
2025-10-18 01:00:00,1,5,1,10,148.0,36.5,0.082,2.33,189.0,11.7,77.0,358.0,9.63,21.45
2025-10-18 02:00:00,2,5,1,10,60.0,37.3,0.086,3.4,133.0,9.8,72.0,417.0,9.51,13.03
2025-10-18 03:00:00,3,5,1,10,132.0,32.5,0.095,2.96,57.0,10.3,70.0,327.0,7.83,14.77
2025-10-18 04:00:00,4,5,1,10,172.0,33.7,0.114,5.34,230.0,12.1,69.0,435.0,6.29,12.67
2025-10-18 05:00:00,5,5,1,10,149.0,34.9,0.13,1.25,104.0,12.5,75.0,302.0,8.94,42.47
2025-10-18 06:00:00,6,5,1,10,393.0,31.0,0.139,1.24,268.0,12.6,68.0,357.0,17.65,67.47
2025-10-18 07:00:00,7,5,1,10,672.0,29.4,0.126,4.31,303.0,14.5,80.0,372.0,12.86,35.49
2025-10-18 08:00:00,8,5,1,10,808.0,25.4,0.11,3.22,359.0,17.7,69.0,463.0,14.66,44.71
2025-10-18 09:00:00,9,5,1,10,615.0,27.3,0.082,1.43,185.0,16.9,67.0,781.0,15.25,41.95
2025-10-18 10:00:00,10,5,1,10,426.0,29.2,0.088,1.5,273.0,19.0,64.0,856.0,10.21,28.9
2025-10-18 11:00:00,11,5,1,10,309.0,29.9,0.081,8.36,283.0,18.6,67.0,799.0,8.01,15.64
2025-10-18 12:00:00,12,5,1,10,187.0,38.1,0.072,5.25,298.0,20.7,68.0,961.0,10.0,15.56
2025-10-18 13:00:00,13,5,1,10,302.0,34.1,0.074,2.33,131.0,17.7,76.0,958.0,10.08,20.59
2025-10-18 14:00:00,14,5,1,10,236.0,35.4,0.075,5.51,140.0,18.9,66.0,913.0,7.8,13.9
2025-10-18 15:00:00,15,5,1,10,275.0,31.0,0.091,4.02,191.0,17.9,74.0,681.0,7.6,19.85
2025-10-18 16:00:00,16,5,1,10,499.0,29.3,0.063,2.78,202.0,15.2,67.0,593.0,9.32,24.47
2025-10-18 17:00:00,17,5,1,10,702.0,24.3,0.073,3.66,239.0,14.6,62.0,656.0,11.54,27.31
2025-10-18 18:00:00,18,5,1,10,825.0,26.3,0.093,1.47,65.0,12.6,73.0,394.0,19.93,82.66
2025-10-18 19:00:00,19,5,1,10,721.0,26.7,0.081,2.53,321.0,11.1,76.0,467.0,14.21,42.02
2025-10-18 20:00:00,20,5,1,10,469.0,31.5,0.082,3.74,297.0,13.6,68.0,473.0,7.67,24.68
2025-10-18 21:00:00,21,5,1,10,275.0,34.4,0.093,3.55,237.0,8.3,65.0,291.0,7.57,25.68
2025-10-18 22:00:00,22,5,1,10,169.0,33.6,0.073,2.37,86.0,10.4,70.0,304.0,8.57,27.34
2025-10-18 23:00:00,23,5,1,10,119.0,37.5,0.074,7.61,116.0,8.7,73.0,384.0,7.64,12.4
2025-10-19 00:00:00,0,6,1,10,72.0,36.2,0.083,2.26,199.0,6.6,77.0,326.0,6.28,18.71
2025-10-19 01:00:00,1,6,1,10,103.0,38.0,0.077,2.65,62.0,9.4,70.0,256.0,6.3,22.41
2025-10-19 02:00:00,2,6,1,10,163.0,36.1,0.106,1.03,128.0,9.9,63.0,334.0,12.36,39.59
2025-10-19 03:00:00,3,6,1,10,50.0,38.6,0.097,1.93,268.0,9.7,64.0,315.0,6.22,18.44
2025-10-19 04:00:00,4,6,1,10,219.0,37.0,0.099,0.98,216.0,13.3,73.0,405.0,12.07,43.18
2025-10-19 05:00:00,5,6,1,10,234.0,35.2,0.142,4.15,151.0,12.4,78.0,485.0,9.1,21.97
2025-10-19 06:00:00,6,6,1,10,264.0,34.2,0.135,5.89,200.0,13.3,64.0,317.0,6.35,20.27
2025-10-19 07:00:00,7,6,1,10,562.0,29.0,0.127,0.58,55.0,14.5,74.0,540.0,27.16,111.26
2025-10-19 08:00:00,8,6,1,10,660.0,27.8,0.1,3.69,73.0,16.5,64.0,765.0,9.3,22.1
2025-10-19 09:00:00,9,6,1,10,592.0,29.6,0.094,4.07,22.0,18.9,69.0,774.0,7.68,27.61
2025-10-19 10:00:00,10,6,1,10,314.0,33.9,0.096,4.13,257.0,20.2,73.0,843.0,10.16,16.02
2025-10-19 11:00:00,11,6,1,10,249.0,31.8,0.086,1.74,172.0,19.5,61.0,901.0,8.16,17.97
2025-10-19 12:00:00,12,6,1,10,201.0,33.9,0.086,5.86,36.0,17.6,74.0,1046.0,6.1,15.51
2025-10-19 13:00:00,13,6,1,10,183.0,33.4,0.083,0.53,57.0,18.4,71.0,872.0,10.09,31.69
2025-10-19 14:00:00,14,6,1,10,200.0,34.4,0.071,8.13,243.0,16.6,72.0,1007.0,8.9,12.78
2025-10-19 15:00:00,15,6,1,10,313.0,32.6,0.109,7.28,23.0,16.7,62.0,701.0,10.45,14.93
2025-10-19 16:00:00,16,6,1,10,364.0,33.2,0.08,5.44,304.0,14.9,66.0,680.0,8.17,17.79
2025-10-19 17:00:00,17,6,1,10,639.0,28.6,0.085,2.86,206.0,13.9,65.0,491.0,10.19,37.13
2025-10-19 18:00:00,18,6,1,10,641.0,25.4,0.078,0.61,360.0,14.1,67.0,569.0,25.84,102.57
2025-10-19 19:00:00,19,6,1,10,465.0,33.5,0.081,1.91,198.0,12.1,73.0,320.0,13.25,49.54
2025-10-19 20:00:00,20,6,1,10,320.0,32.6,0.093,3.97,353.0,12.5,75.0,476.0,6.9,27.33
2025-10-19 21:00:00,21,6,1,10,198.0,34.3,0.084,2.05,239.0,10.2,81.0,359.0,10.49,25.5
2025-10-19 22:00:00,22,6,1,10,82.0,37.3,0.077,3.01,317.0,10.2,63.0,281.0,8.33,14.13
2025-10-19 23:00:00,23,6,1,10,105.0,35.3,0.079,3.77,30.0,10.5,69.0,327.0,9.21,19.97
2025-10-20 00:00:00,0,0,0,10,148.0,35.9,0.083,1.19,64.0,9.6,69.0,362.0,8.13,31.8
2025-10-20 01:00:00,1,0,0,10,122.0,35.2,0.08,2.44,358.0,10.4,70.0,314.0,9.31,20.4
2025-10-20 02:00:00,2,0,0,10,171.0,37.0,0.075,1.09,57.0,13.1,71.0,398.0,12.33,27.53
2025-10-20 03:00:00,3,0,0,10,253.0,34.7,0.094,2.79,332.0,9.5,73.0,415.0,9.45,26.55
2025-10-20 04:00:00,4,0,0,10,246.0,33.5,0.107,3.76,320.0,11.9,72.0,360.0,10.83,21.56
2025-10-20 05:00:00,5,0,0,10,328.0,31.6,0.128,2.77,235.0,13.8,71.0,390.0,6.88,28.56
2025-10-20 06:00:00,6,0,0,10,464.0,30.5,0.144,3.39,267.0,13.8,70.0,278.0,13.24,37.78
2025-10-20 07:00:00,7,0,0,10,847.0,23.6,0.131,0.76,296.0,18.1,66.0,629.0,25.51,120.33
2025-10-20 08:00:00,8,0,0,10,1005.0,22.4,0.114,0.89,303.0,16.6,71.0,643.0,22.72,108.63
2025-10-20 09:00:00,9,0,0,10,799.0,26.4,0.107,0.8,126.0,16.9,65.0,593.0,25.22,102.36
2025-10-20 10:00:00,10,0,0,10,542.0,30.7,0.068,1.61,244.0,19.1,66.0,890.0,12.47,33.01
2025-10-20 11:00:00,11,0,0,10,359.0,31.3,0.087,1.62,92.0,19.1,65.0,895.0,10.66,29.03
2025-10-20 12:00:00,12,0,0,10,316.0,31.5,0.094,2.06,320.0,18.6,60.0,831.0,7.95,26.02
2025-10-20 13:00:00,13,0,0,10,287.0,32.6,0.085,8.16,318.0,19.6,72.0,970.0,6.69,14.38
2025-10-20 14:00:00,14,0,0,10,314.0,32.3,0.09,4.09,186.0,17.8,68.0,912.0,8.46,19.81
2025-10-20 15:00:00,15,0,0,10,395.0,31.7,0.074,4.2,193.0,17.6,67.0,822.0,7.6,22.46
2025-10-20 16:00:00,16,0,0,10,652.0,26.6,0.078,2.77,100.0,17.2,71.0,492.0,11.61,35.04
2025-10-20 17:00:00,17,0,0,10,945.0,24.2,0.087,5.99,289.0,15.0,71.0,430.0,9.57,31.21
2025-10-20 18:00:00,18,0,0,10,1033.0,21.5,0.077,4.2,95.0,16.4,68.0,324.0,12.48,52.88
2025-10-20 19:00:00,19,0,0,10,862.0,25.4,0.074,0.44,262.0,12.6,71.0,443.0,42.19,180.0
2025-10-20 20:00:00,20,0,0,10,462.0,31.6,0.063,6.63,142.0,12.7,74.0,208.0,9.91,27.89
2025-10-20 21:00:00,21,0,0,10,354.0,30.2,0.069,3.19,112.0,11.3,72.0,457.0,7.35,19.14
2025-10-20 22:00:00,22,0,0,10,117.0,35.1,0.07,5.36,340.0,8.7,77.0,608.0,7.21,14.08
2025-10-20 23:00:00,23,0,0,10,94.0,35.8,0.081,4.91,163.0,10.2,66.0,337.0,7.08,17.53
2025-10-21 00:00:00,0,1,0,10,103.0,34.0,0.061,0.82,177.0,9.9,71.0,262.0,11.21,31.73
2025-10-21 01:00:00,1,1,0,10,150.0,33.9,0.094,6.99,97.0,10.9,68.0,409.0,8.03,14.73
2025-10-21 02:00:00,2,1,0,10,120.0,35.1,0.083,5.57,196.0,9.8,77.0,277.0,6.55,20.23
2025-10-21 03:00:00,3,1,0,10,168.0,32.9,0.098,0.4,67.0,10.3,74.0,494.0,14.33,51.27
2025-10-21 04:00:00,4,1,0,10,223.0,32.3,0.114,2.4,55.0,12.1,72.0,316.0,5.84,29.93
2025-10-21 05:00:00,5,1,0,10,218.0,34.7,0.142,3.45,330.0,15.9,66.0,317.0,8.9,25.79
2025-10-21 06:00:00,6,1,0,10,474.0,32.6,0.13,4.04,262.0,14.5,73.0,355.0,13.42,40.64
2025-10-21 07:00:00,7,1,0,10,834.0,25.7,0.137,5.89,243.0,15.5,72.0,468.0,12.79,36.36
2025-10-21 08:00:00,8,1,0,10,968.0,23.7,0.109,0.65,54.0,17.2,75.0,675.0,30.64,134.06
2025-10-21 09:00:00,9,1,0,10,854.0,20.9,0.106,5.91,255.0,17.8,65.0,814.0,11.0,22.16
2025-10-21 10:00:00,10,1,0,10,582.0,29.6,0.074,1.74,331.0,18.3,62.0,851.0,9.68,31.22
2025-10-21 11:00:00,11,1,0,10,323.0,29.3,0.086,1.41,171.0,19.3,71.0,861.0,9.26,26.56
2025-10-21 12:00:00,12,1,0,10,379.0,29.2,0.087,3.55,198.0,17.2,66.0,955.0,8.05,15.05
2025-10-21 13:00:00,13,1,0,10,347.0,32.4,0.089,1.77,357.0,18.3,68.0,864.0,9.59,24.57
2025-10-21 14:00:00,14,1,0,10,314.0,31.8,0.083,5.88,140.0,17.8,71.0,741.0,6.14,18.91
2025-10-21 15:00:00,15,1,0,10,433.0,31.1,0.087,2.54,9.0,16.1,69.0,778.0,11.58,22.73
2025-10-21 16:00:00,16,1,0,10,675.0,26.0,0.066,7.58,81.0,17.7,66.0,552.0,7.27,24.01
2025-10-21 17:00:00,17,1,0,10,937.0,24.0,0.095,1.52,215.0,16.1,63.0,548.0,18.85,74.41
2025-10-21 18:00:00,18,1,0,10,1039.0,22.9,0.091,2.82,14.0,16.6,63.0,372.0,16.85,62.67
2025-10-21 19:00:00,19,1,0,10,809.0,26.7,0.072,4.4,96.0,10.3,64.0,380.0,10.73,28.1
2025-10-21 20:00:00,20,1,0,10,546.0,26.9,0.087,1.37,67.0,10.7,67.0,268.0,20.15,89.19
2025-10-21 21:00:00,21,1,0,10,372.0,31.2,0.089,2.32,281.0,11.4,71.0,356.0,12.04,35.13
2025-10-21 22:00:00,22,1,0,10,125.0,33.4,0.068,0.4,185.0,10.6,65.0,302.0,13.83,57.72
2025-10-21 23:00:00,23,1,0,10,217.0,35.9,0.073,1.17,36.0,6.6,68.0,357.0,13.03,35.62
2025-10-22 00:00:00,0,2,0,10,186.0,36.2,0.085,10.56,105.0,9.7,69.0,361.0,6.32,12.53
2025-10-22 01:00:00,1,2,0,10,142.0,38.1,0.081,1.86,124.0,10.4,71.0,346.0,7.51,26.32
2025-10-22 02:00:00,2,2,0,10,93.0,37.3,0.068,5.29,17.0,11.2,81.0,297.0,7.44,17.67
2025-10-22 03:00:00,3,2,0,10,152.0,33.9,0.085,5.35,15.0,11.3,74.0,177.0,7.18,15.42
2025-10-22 04:00:00,4,2,0,10,166.0,36.4,0.106,3.11,129.0,10.9,73.0,340.0,12.91,23.71
2025-10-22 05:00:00,5,2,0,10,223.0,36.6,0.131,3.72,180.0,12.8,76.0,344.0,6.06,21.97
2025-10-22 06:00:00,6,2,0,10,472.0,31.4,0.131,4.97,271.0,13.0,70.0,286.0,10.22,39.03
2025-10-22 07:00:00,7,2,0,10,782.0,23.9,0.125,5.13,223.0,15.4,72.0,713.0,9.39,24.32
2025-10-22 08:00:00,8,2,0,10,1016.0,18.7,0.115,5.1,129.0,14.8,68.0,633.0,12.08,27.22
2025-10-22 09:00:00,9,2,0,10,845.0,24.5,0.103,3.13,141.0,20.2,61.0,828.0,8.86,30.42
2025-10-22 10:00:00,10,2,0,10,512.0,30.1,0.09,1.17,271.0,20.9,69.0,796.0,13.64,42.02
2025-10-22 11:00:00,11,2,0,10,310.0,33.2,0.079,4.14,156.0,19.1,67.0,867.0,5.67,20.09
2025-10-22 12:00:00,12,2,0,10,306.0,33.5,0.074,6.0,213.0,17.8,60.0,952.0,7.5,9.6
2025-10-22 13:00:00,13,2,0,10,285.0,32.8,0.074,0.67,52.0,20.1,66.0,885.0,10.77,36.44
2025-10-22 14:00:00,14,2,0,10,325.0,33.9,0.082,2.55,353.0,17.8,69.0,922.0,8.91,20.72
2025-10-22 15:00:00,15,2,0,10,419.0,31.5,0.088,2.46,35.0,16.2,72.0,842.0,5.82,22.65
2025-10-22 16:00:00,16,2,0,10,646.0,27.9,0.093,1.47,224.0,14.8,62.0,562.0,15.63,57.68
2025-10-22 17:00:00,17,2,0,10,894.0,23.8,0.09,1.61,122.0,14.4,76.0,468.0,19.5,68.65
2025-10-22 18:00:00,18,2,0,10,1041.0,19.0,0.082,3.03,204.0,14.1,63.0,238.0,21.7,88.36
2025-10-22 19:00:00,19,2,0,10,956.0,23.3,0.074,2.51,144.0,12.2,71.0,304.0,18.71,72.08
2025-10-22 20:00:00,20,2,0,10,604.0,28.3,0.093,3.99,243.0,11.2,67.0,445.0,10.71,29.28
2025-10-22 21:00:00,21,2,0,10,316.0,34.6,0.076,2.88,114.0,10.1,74.0,275.0,9.57,32.69
2025-10-22 22:00:00,22,2,0,10,201.0,34.9,0.086,4.4,160.0,9.2,76.0,351.0,7.12,23.38
2025-10-22 23:00:00,23,2,0,10,177.0,34.9,0.09,12.0,229.0,9.4,77.0,338.0,8.01,19.44
2025-10-23 00:00:00,0,3,0,10,132.0,38.0,0.075,12.0,210.0,11.2,70.0,369.0,6.63,19.51
2025-10-23 01:00:00,1,3,0,10,150.0,34.9,0.078,2.18,249.0,8.6,71.0,166.0,9.36,35.4
2025-10-23 02:00:00,2,3,0,10,198.0,36.0,0.102,8.88,309.0,9.7,76.0,202.0,9.1,18.25
2025-10-23 03:00:00,3,3,0,10,150.0,38.3,0.08,4.51,285.0,10.4,69.0,265.0,8.32,18.76
2025-10-23 04:00:00,4,3,0,10,147.0,34.4,0.12,2.59,169.0,10.2,73.0,442.0,9.58,15.75
2025-10-23 05:00:00,5,3,0,10,238.0,32.9,0.138,3.98,150.0,13.0,72.0,348.0,6.2,21.34
2025-10-23 06:00:00,6,3,0,10,488.0,30.0,0.141,6.42,222.0,13.7,72.0,419.0,10.63,22.39
2025-10-23 07:00:00,7,3,0,10,868.0,24.3,0.138,0.99,120.0,16.8,59.0,499.0,23.01,113.42
2025-10-23 08:00:00,8,3,0,10,1018.0,19.5,0.103,3.45,27.0,15.5,68.0,706.0,9.17,34.72
2025-10-23 09:00:00,9,3,0,10,820.0,27.1,0.102,4.66,164.0,17.5,71.0,688.0,8.71,27.75
2025-10-23 10:00:00,10,3,0,10,504.0,30.5,0.072,2.57,191.0,19.0,63.0,819.0,9.02,17.69
2025-10-23 11:00:00,11,3,0,10,388.0,31.6,0.086,10.53,13.0,20.8,72.0,914.0,5.68,19.3
2025-10-23 12:00:00,12,3,0,10,310.0,37.0,0.072,2.07,175.0,21.0,66.0,839.0,8.96,29.12
2025-10-23 13:00:00,13,3,0,10,286.0,30.3,0.065,3.74,19.0,15.5,70.0,967.0,10.37,18.06
2025-10-23 14:00:00,14,3,0,10,346.0,33.6,0.091,3.59,331.0,20.1,63.0,951.0,10.62,15.04
2025-10-23 15:00:00,15,3,0,10,447.0,30.8,0.092,1.43,106.0,17.9,57.0,806.0,13.12,35.6
2025-10-23 16:00:00,16,3,0,10,656.0,27.6,0.082,8.11,218.0,15.4,75.0,619.0,6.42,17.05
2025-10-23 17:00:00,17,3,0,10,899.0,27.2,0.059,11.21,13.0,15.1,72.0,402.0,8.22,26.28
2025-10-23 18:00:00,18,3,0,10,1049.0,20.2,0.086,3.18,238.0,13.7,79.0,356.0,14.25,61.17
2025-10-23 19:00:00,19,3,0,10,894.0,25.2,0.072,1.47,246.0,13.5,65.0,393.0,25.37,86.62
2025-10-23 20:00:00,20,3,0,10,491.0,29.5,0.07,2.65,287.0,12.9,71.0,375.0,9.98,37.9
2025-10-23 21:00:00,21,3,0,10,265.0,32.2,0.093,4.55,244.0,10.8,71.0,413.0,6.63,24.05
2025-10-23 22:00:00,22,3,0,10,206.0,36.0,0.068,4.94,61.0,11.7,68.0,327.0,7.11,20.25
2025-10-23 23:00:00,23,3,0,10,190.0,34.5,0.082,2.36,143.0,9.2,72.0,549.0,6.94,17.57
2025-10-24 00:00:00,0,4,0,10,216.0,35.0,0.097,3.75,114.0,9.3,69.0,150.0,11.77,26.99
2025-10-24 01:00:00,1,4,0,10,184.0,38.9,0.079,7.34,217.0,8.7,76.0,366.0,10.58,18.5
2025-10-24 02:00:00,2,4,0,10,140.0,36.5,0.069,0.94,89.0,10.4,67.0,460.0,10.03,20.45
2025-10-24 03:00:00,3,4,0,10,179.0,33.1,0.095,1.15,6.0,10.4,69.0,348.0,14.24,35.32
2025-10-24 04:00:00,4,4,0,10,212.0,36.6,0.111,2.19,95.0,9.9,68.0,338.0,11.52,30.73
2025-10-24 05:00:00,5,4,0,10,287.0,34.6,0.098,1.72,187.0,14.4,65.0,303.0,13.01,50.98
2025-10-24 06:00:00,6,4,0,10,475.0,31.2,0.134,0.63,297.0,14.4,72.0,346.0,29.12,133.05
2025-10-24 07:00:00,7,4,0,10,751.0,27.7,0.126,1.65,173.0,16.8,70.0,488.0,15.62,67.12
2025-10-24 08:00:00,8,4,0,10,1006.0,23.2,0.09,1.64,241.0,18.2,73.0,709.0,15.08,55.01
2025-10-24 09:00:00,9,4,0,10,846.0,24.4,0.093,0.95,227.0,17.1,67.0,803.0,18.63,67.18
2025-10-24 10:00:00,10,4,0,10,512.0,28.4,0.095,2.06,329.0,19.6,63.0,748.0,13.18,29.91
2025-10-24 11:00:00,11,4,0,10,326.0,34.6,0.083,0.5,31.0,18.1,58.0,870.0,13.07,52.71
2025-10-24 12:00:00,12,4,0,10,382.0,32.0,0.07,7.71,338.0,21.5,69.0,944.0,9.72,14.57
2025-10-24 13:00:00,13,4,0,10,232.0,33.2,0.079,5.57,336.0,18.2,70.0,855.0,9.02,18.6
2025-10-24 14:00:00,14,4,0,10,326.0,33.0,0.092,0.69,94.0,18.0,63.0,922.0,10.51,38.16
2025-10-24 15:00:00,15,4,0,10,443.0,33.5,0.075,5.83,39.0,17.6,65.0,694.0,8.06,22.75
2025-10-24 16:00:00,16,4,0,10,642.0,30.5,0.076,5.97,79.0,16.8,71.0,757.0,8.94,16.92
2025-10-24 17:00:00,17,4,0,10,898.0,25.8,0.066,5.41,63.0,16.0,69.0,583.0,9.03,25.35
2025-10-24 18:00:00,18,4,0,10,1026.0,21.5,0.084,1.77,209.0,15.7,67.0,155.0,40.03,180.0
2025-10-24 19:00:00,19,4,0,10,908.0,24.7,0.079,12.0,134.0,14.3,69.0,386.0,7.32,25.02
2025-10-24 20:00:00,20,4,0,10,557.0,28.6,0.099,2.03,231.0,12.1,77.0,302.0,14.68,57.17
2025-10-24 21:00:00,21,4,0,10,301.0,32.7,0.075,1.52,270.0,10.9,63.0,409.0,12.1,32.18
2025-10-24 22:00:00,22,4,0,10,193.0,37.0,0.083,5.24,214.0,9.6,75.0,315.0,9.7,18.12
2025-10-24 23:00:00,23,4,0,10,139.0,35.7,0.073,6.51,14.0,9.0,73.0,316.0,9.33,15.83
2025-10-25 00:00:00,0,5,1,10,132.0,36.0,0.086,1.95,95.0,6.8,75.0,361.0,8.42,26.07
2025-10-25 01:00:00,1,5,1,10,137.0,36.4,0.087,1.53,69.0,5.8,73.0,323.0,13.32,33.2
2025-10-25 02:00:00,2,5,1,10,87.0,36.7,0.097,0.48,349.0,11.8,69.0,393.0,10.03,35.25
2025-10-25 03:00:00,3,5,1,10,78.0,35.7,0.099,5.33,340.0,9.8,67.0,365.0,10.41,15.96
2025-10-25 04:00:00,4,5,1,10,140.0,32.5,0.124,2.9,236.0,10.9,72.0,458.0,5.63,19.34
2025-10-25 05:00:00,5,5,1,10,225.0,36.6,0.127,2.79,231.0,13.6,68.0,235.0,10.47,36.12
2025-10-25 06:00:00,6,5,1,10,361.0,30.5,0.156,3.09,12.0,13.8,71.0,534.0,9.65,28.1
2025-10-25 07:00:00,7,5,1,10,654.0,28.3,0.121,4.79,75.0,16.3,69.0,519.0,7.87,26.51
2025-10-25 08:00:00,8,5,1,10,801.0,24.6,0.132,1.98,325.0,16.8,59.0,565.0,13.28,56.28
2025-10-25 09:00:00,9,5,1,10,658.0,28.5,0.096,2.14,94.0,18.6,63.0,763.0,10.96,34.2
2025-10-25 10:00:00,10,5,1,10,399.0,34.0,0.075,1.92,217.0,17.8,72.0,782.0,10.89,23.76
2025-10-25 11:00:00,11,5,1,10,265.0,32.7,0.087,1.41,313.0,21.8,70.0,856.0,8.54,28.85
2025-10-25 12:00:00,12,5,1,10,221.0,36.1,0.075,10.57,188.0,19.7,70.0,1020.0,8.24,14.33
2025-10-25 13:00:00,13,5,1,10,183.0,34.7,0.089,4.08,249.0,19.1,64.0,1006.0,9.18,13.7
2025-10-25 14:00:00,14,5,1,10,307.0,35.4,0.067,2.48,288.0,16.9,74.0,1025.0,9.0,17.88
2025-10-25 15:00:00,15,5,1,10,341.0,31.4,0.066,0.43,348.0,17.1,74.0,761.0,15.36,54.93
2025-10-25 16:00:00,16,5,1,10,585.0,29.4,0.069,6.82,92.0,17.3,73.0,759.0,6.9,20.45
2025-10-25 17:00:00,17,5,1,10,649.0,27.6,0.087,4.13,262.0,13.4,70.0,456.0,13.95,28.04
2025-10-25 18:00:00,18,5,1,10,805.0,25.5,0.086,10.06,327.0,11.1,68.0,423.0,7.21,21.79
2025-10-25 19:00:00,19,5,1,10,692.0,27.1,0.084,3.0,301.0,11.7,66.0,562.0,10.58,27.42
2025-10-25 20:00:00,20,5,1,10,402.0,34.0,0.084,1.22,233.0,12.4,74.0,469.0,15.57,51.49
2025-10-25 21:00:00,21,5,1,10,226.0,34.6,0.071,1.81,162.0,10.8,70.0,464.0,9.03,27.44
2025-10-25 22:00:00,22,5,1,10,128.0,36.4,0.087,1.67,153.0,10.9,72.0,297.0,6.99,25.6
2025-10-25 23:00:00,23,5,1,10,86.0,38.4,0.062,1.23,223.0,9.1,76.0,437.0,9.46,24.12
2025-10-26 00:00:00,0,6,1,10,82.0,37.1,0.08,2.37,178.0,11.2,80.0,272.0,8.97,17.89
2025-10-26 01:00:00,1,6,1,10,45.0,37.3,0.091,0.78,226.0,10.3,79.0,380.0,9.82,23.85
2025-10-26 02:00:00,2,6,1,10,99.0,34.4,0.083,1.24,68.0,9.6,69.0,370.0,8.41,28.89
2025-10-26 03:00:00,3,6,1,10,67.0,35.8,0.088,3.25,89.0,9.9,71.0,381.0,7.77,18.22
2025-10-26 04:00:00,4,6,1,10,93.0,35.1,0.108,4.0,101.0,12.3,68.0,404.0,6.28,25.81
2025-10-26 05:00:00,5,6,1,10,129.0,36.5,0.143,1.85,157.0,12.6,70.0,422.0,8.44,22.87
2025-10-26 06:00:00,6,6,1,10,270.0,32.2,0.149,6.56,28.0,15.0,65.0,266.0,5.44,20.79
2025-10-26 07:00:00,7,6,1,10,558.0,31.9,0.14,1.82,188.0,14.7,72.0,572.0,12.88,42.74
2025-10-26 08:00:00,8,6,1,10,661.0,27.9,0.117,0.8,330.0,15.8,70.0,630.0,21.02,84.21
2025-10-26 09:00:00,9,6,1,10,552.0,30.7,0.105,0.99,11.0,16.8,65.0,840.0,14.87,49.77
2025-10-26 10:00:00,10,6,1,10,347.0,33.4,0.088,1.7,22.0,18.9,65.0,895.0,7.92,24.5
2025-10-26 11:00:00,11,6,1,10,253.0,33.5,0.07,1.61,162.0,21.0,62.0,911.0,10.2,19.0
2025-10-26 12:00:00,12,6,1,10,216.0,35.9,0.071,2.25,149.0,19.3,75.0,892.0,10.29,20.49
2025-10-26 13:00:00,13,6,1,10,220.0,35.7,0.065,9.36,245.0,19.4,64.0,930.0,6.11,12.53
2025-10-26 14:00:00,14,6,1,10,196.0,37.0,0.07,0.45,275.0,18.6,71.0,790.0,10.84,41.07
2025-10-26 15:00:00,15,6,1,10,315.0,33.7,0.08,4.34,141.0,18.3,66.0,819.0,7.4,19.62
2025-10-26 16:00:00,16,6,1,10,419.0,30.7,0.056,5.1,326.0,17.1,73.0,625.0,10.0,18.09
2025-10-26 17:00:00,17,6,1,10,551.0,28.0,0.073,4.0,214.0,15.5,60.0,372.0,10.18,29.37
2025-10-26 18:00:00,18,6,1,10,651.0,27.5,0.08,5.77,200.0,13.8,68.0,262.0,10.64,30.35
2025-10-26 19:00:00,19,6,1,10,509.0,33.1,0.084,4.86,263.0,15.5,66.0,464.0,8.64,22.1
2025-10-26 20:00:00,20,6,1,10,420.0,31.7,0.08,0.7,165.0,13.0,72.0,325.0,25.69,104.77
2025-10-26 21:00:00,21,6,1,10,192.0,34.8,0.096,3.47,309.0,11.1,68.0,399.0,7.11,21.97
2025-10-26 22:00:00,22,6,1,10,80.0,35.8,0.08,6.66,314.0,10.5,75.0,374.0,6.7,9.9
2025-10-26 23:00:00,23,6,1,10,133.0,34.5,0.073,6.22,335.0,8.6,77.0,455.0,7.43,13.58
2025-10-27 00:00:00,0,0,0,10,149.0,35.4,0.093,1.96,307.0,8.4,73.0,445.0,11.48,23.45
2025-10-27 01:00:00,1,0,0,10,176.0,36.2,0.097,0.4,98.0,9.1,74.0,288.0,21.21,75.63
2025-10-27 02:00:00,2,0,0,10,134.0,38.5,0.094,1.8,322.0,10.1,73.0,333.0,10.91,25.09
2025-10-27 03:00:00,3,0,0,10,198.0,36.2,0.073,0.68,225.0,9.1,68.0,370.0,17.43,50.71
2025-10-27 04:00:00,4,0,0,10,192.0,35.7,0.094,2.77,205.0,13.4,65.0,381.0,10.66,21.14
2025-10-27 05:00:00,5,0,0,10,256.0,35.2,0.125,2.94,167.0,14.9,66.0,337.0,8.76,23.9
2025-10-27 06:00:00,6,0,0,10,491.0,29.7,0.112,1.74,10.0,16.0,67.0,441.0,13.13,49.25
2025-10-27 07:00:00,7,0,0,10,806.0,24.7,0.119,5.01,209.0,16.1,68.0,552.0,8.79,29.35
2025-10-27 08:00:00,8,0,0,10,981.0,21.6,0.116,4.71,344.0,17.5,68.0,604.0,9.89,33.89
2025-10-27 09:00:00,9,0,0,10,875.0,21.9,0.092,5.25,313.0,16.5,65.0,804.0,8.85,22.57
2025-10-27 10:00:00,10,0,0,10,586.0,27.8,0.072,3.81,340.0,21.6,65.0,925.0,9.04,21.87
2025-10-27 11:00:00,11,0,0,10,368.0,32.9,0.079,1.53,288.0,19.3,72.0,802.0,11.33,31.74
2025-10-27 12:00:00,12,0,0,10,305.0,32.7,0.093,3.84,67.0,21.3,61.0,889.0,7.54,17.52
2025-10-27 13:00:00,13,0,0,10,368.0,33.9,0.076,2.35,217.0,16.6,63.0,907.0,9.87,28.49
2025-10-27 14:00:00,14,0,0,10,324.0,32.7,0.06,5.31,264.0,19.2,71.0,855.0,7.12,21.95
2025-10-27 15:00:00,15,0,0,10,449.0,30.7,0.08,4.91,276.0,18.3,71.0,835.0,8.48,21.68
2025-10-27 16:00:00,16,0,0,10,577.0,26.5,0.086,3.76,18.0,17.9,67.0,734.0,8.63,22.16
2025-10-27 17:00:00,17,0,0,10,960.0,25.2,0.082,6.6,96.0,17.2,64.0,703.0,9.57,27.42
2025-10-27 18:00:00,18,0,0,10,1037.0,22.2,0.074,5.39,125.0,16.7,64.0,267.0,12.81,49.3
2025-10-27 19:00:00,19,0,0,10,911.0,23.3,0.079,0.4,217.0,13.2,71.0,185.0,95.0,180.0
2025-10-27 20:00:00,20,0,0,10,516.0,25.9,0.09,6.31,129.0,12.1,63.0,295.0,11.22,25.48
2025-10-27 21:00:00,21,0,0,10,285.0,33.1,0.08,5.34,60.0,11.1,73.0,218.0,11.32,23.01
2025-10-27 22:00:00,22,0,0,10,139.0,35.8,0.073,5.02,316.0,9.4,79.0,387.0,6.11,16.01
2025-10-27 23:00:00,23,0,0,10,161.0,35.2,0.067,3.39,295.0,11.6,73.0,432.0,8.62,20.07
2025-10-28 00:00:00,0,1,0,10,128.0,37.3,0.079,2.09,59.0,6.7,68.0,223.0,9.48,29.02
2025-10-28 01:00:00,1,1,0,10,200.0,36.4,0.063,2.26,289.0,8.0,69.0,304.0,9.98,26.78
2025-10-28 02:00:00,2,1,0,10,170.0,37.0,0.068,3.33,65.0,10.3,73.0,400.0,6.45,23.15
2025-10-28 03:00:00,3,1,0,10,183.0,33.9,0.097,3.98,28.0,11.6,70.0,325.0,9.93,24.13
2025-10-28 04:00:00,4,1,0,10,184.0,34.9,0.113,3.4,6.0,12.5,72.0,246.0,9.91,25.18
2025-10-28 05:00:00,5,1,0,10,257.0,32.4,0.124,6.26,43.0,14.3,69.0,277.0,10.34,21.47
2025-10-28 06:00:00,6,1,0,10,510.0,28.7,0.134,0.73,113.0,15.2,66.0,419.0,26.28,105.06
2025-10-28 07:00:00,7,1,0,10,775.0,25.3,0.123,8.14,59.0,15.8,64.0,524.0,10.67,25.6
2025-10-28 08:00:00,8,1,0,10,994.0,21.5,0.12,0.4,119.0,18.8,61.0,593.0,41.52,180.0
2025-10-28 09:00:00,9,1,0,10,893.0,23.5,0.088,2.47,76.0,17.9,64.0,817.0,9.71,34.36
2025-10-28 10:00:00,10,1,0,10,542.0,29.2,0.096,5.07,247.0,16.2,65.0,993.0,8.77,19.19
2025-10-28 11:00:00,11,1,0,10,326.0,32.6,0.088,0.4,324.0,18.1,68.0,991.0,14.25,47.43
2025-10-28 12:00:00,12,1,0,10,318.0,32.8,0.084,1.03,360.0,19.3,64.0,912.0,11.65,36.04
2025-10-28 13:00:00,13,1,0,10,223.0,34.4,0.092,4.69,316.0,17.9,69.0,894.0,7.32,14.83
2025-10-28 14:00:00,14,1,0,10,333.0,34.2,0.077,1.12,322.0,20.8,68.0,777.0,10.7,32.85
2025-10-28 15:00:00,15,1,0,10,424.0,31.9,0.079,5.31,32.0,16.2,66.0,802.0,8.96,18.98
2025-10-28 16:00:00,16,1,0,10,645.0,29.3,0.081,1.84,14.0,19.0,67.0,697.0,12.09,41.03
2025-10-28 17:00:00,17,1,0,10,907.0,24.2,0.092,6.56,223.0,15.0,60.0,452.0,9.83,26.73
2025-10-28 18:00:00,18,1,0,10,1035.0,23.4,0.089,1.89,142.0,16.9,65.0,449.0,19.36,73.42
2025-10-28 19:00:00,19,1,0,10,834.0,24.6,0.081,1.22,169.0,13.4,68.0,337.0,23.86,111.04
2025-10-28 20:00:00,20,1,0,10,573.0,28.6,0.082,2.86,29.0,12.4,69.0,517.0,9.69,35.0
2025-10-28 21:00:00,21,1,0,10,289.0,34.0,0.085,5.28,165.0,11.0,75.0,389.0,9.25,16.49
2025-10-28 22:00:00,22,1,0,10,173.0,34.0,0.097,2.41,171.0,11.8,74.0,530.0,7.61,12.83
2025-10-28 23:00:00,23,1,0,10,142.0,36.0,0.1,7.89,79.0,10.4,71.0,196.0,7.45,19.34
2025-10-29 00:00:00,0,2,0,10,89.0,35.4,0.082,12.0,13.0,12.1,72.0,298.0,10.1,25.47
2025-10-29 01:00:00,1,2,0,10,108.0,35.4,0.078,1.51,40.0,11.0,76.0,297.0,9.68,21.47
2025-10-29 02:00:00,2,2,0,10,136.0,36.2,0.091,3.02,289.0,12.4,68.0,455.0,9.54,23.53
2025-10-29 03:00:00,3,2,0,10,172.0,33.5,0.087,1.56,89.0,13.0,74.0,396.0,11.36,29.15
2025-10-29 04:00:00,4,2,0,10,219.0,35.2,0.136,3.71,304.0,12.8,70.0,380.0,8.16,18.5
2025-10-29 05:00:00,5,2,0,10,342.0,34.3,0.125,4.34,272.0,13.0,67.0,322.0,8.93,29.91
2025-10-29 06:00:00,6,2,0,10,565.0,31.4,0.15,3.63,306.0,15.3,67.0,318.0,12.1,38.67
2025-10-29 07:00:00,7,2,0,10,846.0,26.0,0.124,2.75,294.0,13.6,67.0,469.0,17.6,48.81
2025-10-29 08:00:00,8,2,0,10,1034.0,19.7,0.11,5.86,60.0,17.9,69.0,730.0,11.72,22.36
2025-10-29 09:00:00,9,2,0,10,802.0,24.6,0.083,2.09,241.0,18.4,63.0,694.0,13.57,39.95
2025-10-29 10:00:00,10,2,0,10,568.0,29.3,0.093,4.04,355.0,18.7,68.0,890.0,10.23,16.92
2025-10-29 11:00:00,11,2,0,10,389.0,30.8,0.078,3.99,311.0,18.2,64.0,785.0,10.26,17.04
2025-10-29 12:00:00,12,2,0,10,303.0,36.1,0.093,4.84,166.0,18.3,65.0,1047.0,8.15,16.01
2025-10-29 13:00:00,13,2,0,10,215.0,37.0,0.072,4.79,26.0,19.7,66.0,942.0,6.9,14.07
2025-10-29 14:00:00,14,2,0,10,234.0,36.3,0.087,1.69,184.0,19.7,73.0,752.0,8.64,22.55
2025-10-29 15:00:00,15,2,0,10,425.0,32.6,0.096,7.19,241.0,15.0,69.0,688.0,8.4,20.52
2025-10-29 16:00:00,16,2,0,10,668.0,28.9,0.08,1.38,67.0,16.7,67.0,654.0,16.26,53.0
2025-10-29 17:00:00,17,2,0,10,956.0,24.0,0.079,0.58,145.0,15.4,72.0,485.0,39.76,174.79
2025-10-29 18:00:00,18,2,0,10,1063.0,20.6,0.079,3.96,360.0,13.2,67.0,417.0,12.07,41.79
2025-10-29 19:00:00,19,2,0,10,860.0,22.8,0.111,2.09,177.0,13.8,69.0,197.0,26.48,122.01
2025-10-29 20:00:00,20,2,0,10,549.0,30.7,0.074,7.57,56.0,11.5,77.0,419.0,6.26,23.2
2025-10-29 21:00:00,21,2,0,10,345.0,32.0,0.073,4.0,298.0,11.6,68.0,202.0,10.31,32.69
2025-10-29 22:00:00,22,2,0,10,248.0,32.0,0.078,6.54,8.0,8.4,76.0,309.0,8.06,24.55
2025-10-29 23:00:00,23,2,0,10,86.0,37.8,0.065,3.29,221.0,11.4,67.0,270.0,9.18,17.26
2025-10-30 00:00:00,0,3,0,10,91.0,35.6,0.077,2.02,135.0,8.9,80.0,320.0,11.66,18.03
2025-10-30 01:00:00,1,3,0,10,143.0,34.8,0.092,1.47,266.0,8.4,69.0,370.0,9.5,30.81
2025-10-30 02:00:00,2,3,0,10,176.0,33.5,0.064,1.93,192.0,11.3,78.0,288.0,12.36,31.46
2025-10-30 03:00:00,3,3,0,10,155.0,35.5,0.099,4.95,152.0,9.0,75.0,266.0,8.63,20.18
2025-10-30 04:00:00,4,3,0,10,205.0,33.8,0.111,5.29,244.0,13.2,69.0,459.0,4.22,20.95
2025-10-30 05:00:00,5,3,0,10,269.0,33.9,0.117,2.5,282.0,12.2,66.0,283.0,13.83,34.4
2025-10-30 06:00:00,6,3,0,10,484.0,31.8,0.129,2.41,274.0,16.8,71.0,381.0,12.16,45.47
2025-10-30 07:00:00,7,3,0,10,847.0,26.4,0.139,5.48,273.0,16.0,62.0,560.0,11.58,28.79
2025-10-30 08:00:00,8,3,0,10,1012.0,24.3,0.098,2.04,72.0,17.6,70.0,674.0,14.26,49.71
2025-10-30 09:00:00,9,3,0,10,837.0,24.3,0.071,2.32,87.0,18.8,68.0,697.0,13.54,38.93
2025-10-30 10:00:00,10,3,0,10,634.0,27.7,0.067,9.24,353.0,19.3,60.0,921.0,7.98,19.07
2025-10-30 11:00:00,11,3,0,10,402.0,31.0,0.076,9.88,62.0,17.3,64.0,876.0,7.3,19.85
2025-10-30 12:00:00,12,3,0,10,297.0,32.5,0.073,5.7,347.0,18.6,69.0,923.0,6.76,12.14
2025-10-30 13:00:00,13,3,0,10,310.0,32.1,0.083,2.21,352.0,18.1,71.0,945.0,7.88,21.73
2025-10-30 14:00:00,14,3,0,10,372.0,32.6,0.089,5.34,179.0,21.2,70.0,755.0,5.36,16.68
2025-10-30 15:00:00,15,3,0,10,364.0,32.6,0.084,3.01,213.0,18.3,69.0,780.0,7.13,24.48
2025-10-30 16:00:00,16,3,0,10,622.0,27.5,0.05,3.59,97.0,18.0,68.0,703.0,10.12,28.35
2025-10-30 17:00:00,17,3,0,10,801.0,26.2,0.094,3.96,127.0,16.1,69.0,538.0,11.56,31.7
2025-10-30 18:00:00,18,3,0,10,1005.0,23.6,0.084,3.83,245.0,11.7,68.0,366.0,14.62,46.49
2025-10-30 19:00:00,19,3,0,10,919.0,23.1,0.085,1.69,68.0,14.0,73.0,340.0,23.71,96.06
2025-10-30 20:00:00,20,3,0,10,500.0,32.6,0.079,2.72,345.0,10.6,73.0,412.0,9.01,39.78
2025-10-30 21:00:00,21,3,0,10,341.0,34.3,0.068,4.65,104.0,13.0,65.0,332.0,8.43,23.32
2025-10-30 22:00:00,22,3,0,10,190.0,33.8,0.08,2.79,248.0,10.9,74.0,280.0,5.02,26.34
2025-10-30 23:00:00,23,3,0,10,135.0,32.3,0.093,2.07,2.0,9.1,70.0,509.0,8.42,24.59
2025-10-31 00:00:00,0,4,0,10,170.0,34.4,0.09,3.35,66.0,9.2,63.0,406.0,7.22,23.09
2025-10-31 01:00:00,1,4,0,10,105.0,35.2,0.073,1.27,19.0,8.4,74.0,368.0,10.34,29.81
2025-10-31 02:00:00,2,4,0,10,187.0,32.6,0.09,5.54,342.0,10.1,73.0,354.0,8.71,15.0
2025-10-31 03:00:00,3,4,0,10,117.0,35.5,0.075,10.78,253.0,12.6,67.0,275.0,9.28,13.38
2025-10-31 04:00:00,4,4,0,10,183.0,34.6,0.112,0.49,111.0,14.2,73.0,371.0,14.74,63.26
2025-10-31 05:00:00,5,4,0,10,284.0,29.3,0.136,6.6,278.0,14.0,73.0,250.0,8.41,28.23
2025-10-31 06:00:00,6,4,0,10,516.0,28.0,0.146,4.11,101.0,13.5,69.0,276.0,13.22,42.22
2025-10-31 07:00:00,7,4,0,10,809.0,24.3,0.146,3.5,103.0,14.8,55.0,525.0,11.59,35.87
2025-10-31 08:00:00,8,4,0,10,1040.0,21.8,0.118,0.4,342.0,18.8,59.0,489.0,51.68,180.0
2025-10-31 09:00:00,9,4,0,10,912.0,24.7,0.086,2.2,15.0,18.7,68.0,714.0,13.85,45.16
2025-10-31 10:00:00,10,4,0,10,583.0,27.6,0.077,2.1,334.0,19.0,70.0,795.0,8.68,27.82
2025-10-31 11:00:00,11,4,0,10,421.0,33.2,0.069,0.52,272.0,20.7,77.0,1133.0,12.36,46.42
2025-10-31 12:00:00,12,4,0,10,341.0,32.4,0.076,1.29,88.0,20.1,62.0,936.0,10.66,30.95
2025-10-31 13:00:00,13,4,0,10,253.0,34.6,0.068,6.19,142.0,20.2,62.0,924.0,7.91,16.71
2025-10-31 14:00:00,14,4,0,10,332.0,32.6,0.092,2.6,357.0,17.9,74.0,825.0,11.08,27.7
2025-10-31 15:00:00,15,4,0,10,471.0,31.5,0.089,8.7,242.0,17.7,64.0,848.0,9.65,18.75
2025-10-31 16:00:00,16,4,0,10,646.0,26.0,0.053,2.73,207.0,17.7,64.0,590.0,11.48,29.68
2025-10-31 17:00:00,17,4,0,10,911.0,20.1,0.076,2.5,52.0,16.1,63.0,588.0,11.87,42.01
2025-10-31 18:00:00,18,4,0,10,1051.0,21.1,0.09,2.08,164.0,15.6,67.0,311.0,23.71,98.36
2025-10-31 19:00:00,19,4,0,10,861.0,25.2,0.069,1.28,310.0,14.0,70.0,509.0,16.75,79.36
2025-10-31 20:00:00,20,4,0,10,598.0,26.2,0.067,7.01,92.0,11.0,64.0,436.0,9.36,27.42
2025-10-31 21:00:00,21,4,0,10,334.0,33.7,0.082,1.55,141.0,12.4,66.0,374.0,13.74,44.48
2025-10-31 22:00:00,22,4,0,10,191.0,36.0,0.08,7.43,138.0,9.5,69.0,257.0,5.02,22.53
2025-10-31 23:00:00,23,4,0,10,156.0,34.4,0.087,0.81,64.0,10.5,68.0,150.0,17.66,78.62
2025-11-01 00:00:00,0,5,1,11,124.0,36.4,0.071,0.75,246.0,8.5,72.0,189.0,14.45,56.83
2025-11-01 01:00:00,1,5,1,11,137.0,34.3,0.086,1.97,72.0,14.5,67.0,339.0,9.72,22.8
2025-11-01 02:00:00,2,5,1,11,181.0,35.6,0.066,3.04,250.0,10.0,75.0,389.0,9.1,23.21
2025-11-01 03:00:00,3,5,1,11,107.0,36.1,0.106,3.83,229.0,10.7,73.0,350.0,7.18,15.49
2025-11-01 04:00:00,4,5,1,11,161.0,34.0,0.11,2.57,183.0,13.5,71.0,378.0,11.29,20.99
2025-11-01 05:00:00,5,5,1,11,189.0,36.1,0.139,5.11,45.0,13.5,64.0,314.0,9.34,21.2
2025-11-01 06:00:00,6,5,1,11,348.0,29.9,0.143,1.88,179.0,15.3,74.0,385.0,8.84,45.17
2025-11-01 07:00:00,7,5,1,11,650.0,27.8,0.121,9.13,117.0,16.9,63.0,572.0,10.62,25.72
2025-11-01 08:00:00,8,5,1,11,825.0,24.2,0.103,2.59,355.0,15.1,70.0,733.0,10.53,35.78
2025-11-01 09:00:00,9,5,1,11,676.0,28.8,0.084,4.1,112.0,20.9,61.0,810.0,9.1,24.41
2025-11-01 10:00:00,10,5,1,11,433.0,32.5,0.092,0.88,145.0,19.1,66.0,817.0,13.42,46.9
2025-11-01 11:00:00,11,5,1,11,295.0,33.3,0.087,1.35,170.0,22.4,60.0,964.0,10.15,26.52
2025-11-01 12:00:00,12,5,1,11,299.0,31.8,0.077,0.48,275.0,21.5,68.0,974.0,10.75,41.46
2025-11-01 13:00:00,13,5,1,11,182.0,37.8,0.08,1.77,345.0,18.2,69.0,755.0,11.73,26.67
2025-11-01 14:00:00,14,5,1,11,315.0,31.6,0.102,8.28,355.0,18.0,66.0,920.0,5.78,20.04
2025-11-01 15:00:00,15,5,1,11,289.0,33.6,0.086,10.78,83.0,17.4,65.0,825.0,8.69,16.34
2025-11-01 16:00:00,16,5,1,11,424.0,34.1,0.082,2.62,159.0,17.5,75.0,641.0,6.36,25.86
2025-11-01 17:00:00,17,5,1,11,751.0,26.5,0.09,5.12,155.0,15.9,71.0,570.0,12.08,23.74
2025-11-01 18:00:00,18,5,1,11,826.0,24.1,0.101,4.09,25.0,14.3,68.0,329.0,14.38,46.62
2025-11-01 19:00:00,19,5,1,11,680.0,26.1,0.085,3.12,67.0,11.6,68.0,343.0,14.07,47.21
2025-11-01 20:00:00,20,5,1,11,466.0,30.8,0.083,3.3,247.0,11.2,76.0,282.0,12.41,37.15
2025-11-01 21:00:00,21,5,1,11,246.0,31.4,0.073,4.31,264.0,13.0,79.0,292.0,9.16,27.07
2025-11-01 22:00:00,22,5,1,11,140.0,36.7,0.092,1.21,123.0,9.9,69.0,415.0,10.53,25.84
2025-11-01 23:00:00,23,5,1,11,145.0,36.7,0.087,2.62,181.0,10.6,75.0,340.0,8.2,27.05
2025-11-02 00:00:00,0,6,1,11,40.0,38.5,0.067,5.63,171.0,9.0,76.0,427.0,6.53,13.47
2025-11-02 01:00:00,1,6,1,11,103.0,36.3,0.093,1.09,25.0,8.5,69.0,594.0,9.02,23.06
2025-11-02 02:00:00,2,6,1,11,84.0,34.7,0.076,5.64,183.0,10.2,73.0,383.0,5.89,13.26
2025-11-02 03:00:00,3,6,1,11,119.0,37.8,0.061,3.21,107.0,10.9,69.0,381.0,9.31,23.06
2025-11-02 04:00:00,4,6,1,11,57.0,38.8,0.124,1.59,213.0,13.4,69.0,485.0,8.42,20.41
2025-11-02 05:00:00,5,6,1,11,146.0,35.6,0.134,4.31,145.0,13.4,68.0,338.0,8.76,21.75
2025-11-02 06:00:00,6,6,1,11,233.0,34.0,0.14,1.42,95.0,13.4,73.0,358.0,13.25,38.7
2025-11-02 07:00:00,7,6,1,11,586.0,29.4,0.133,3.14,249.0,17.6,68.0,626.0,8.15,30.58
2025-11-02 08:00:00,8,6,1,11,633.0,31.0,0.123,8.67,10.0,17.0,71.0,527.0,5.56,22.01
2025-11-02 09:00:00,9,6,1,11,552.0,30.1,0.093,5.12,230.0,19.9,61.0,883.0,8.14,20.59
2025-11-02 10:00:00,10,6,1,11,320.0,32.8,0.075,1.05,172.0,19.9,68.0,969.0,7.91,26.17
2025-11-02 11:00:00,11,6,1,11,231.0,35.0,0.079,0.91,285.0,18.6,54.0,863.0,10.76,25.62
2025-11-02 12:00:00,12,6,1,11,189.0,35.3,0.089,1.52,17.0,22.1,66.0,840.0,10.14,22.13
2025-11-02 13:00:00,13,6,1,11,256.0,37.0,0.09,3.53,203.0,21.7,63.0,780.0,7.04,20.62
2025-11-02 14:00:00,14,6,1,11,223.0,33.2,0.07,9.76,277.0,18.3,66.0,997.0,7.25,22.15
2025-11-02 15:00:00,15,6,1,11,241.0,32.7,0.092,2.74,98.0,19.9,66.0,803.0,6.95,20.14
2025-11-02 16:00:00,16,6,1,11,353.0,31.4,0.066,3.49,28.0,16.9,75.0,615.0,8.68,23.43
2025-11-02 17:00:00,17,6,1,11,606.0,26.6,0.075,5.53,64.0,16.7,66.0,517.0,11.84,22.59
2025-11-02 18:00:00,18,6,1,11,601.0,29.6,0.09,1.12,76.0,15.7,69.0,224.0,28.7,132.99
2025-11-02 19:00:00,19,6,1,11,587.0,28.4,0.071,3.37,269.0,11.4,73.0,357.0,15.44,38.57
2025-11-02 20:00:00,20,6,1,11,354.0,30.3,0.062,5.15,324.0,12.3,71.0,285.0,12.88,24.15
2025-11-02 21:00:00,21,6,1,11,224.0,35.2,0.094,1.44,75.0,11.5,70.0,455.0,11.15,27.22
2025-11-02 22:00:00,22,6,1,11,99.0,35.9,0.074,2.89,266.0,10.0,71.0,449.0,12.57,15.91
2025-11-02 23:00:00,23,6,1,11,45.0,39.1,0.085,3.11,267.0,11.0,66.0,150.0,5.78,16.18
2025-11-03 00:00:00,0,0,0,11,161.0,33.4,0.073,4.55,2.0,11.2,72.0,295.0,8.97,20.43
2025-11-03 01:00:00,1,0,0,11,167.0,37.8,0.073,3.57,59.0,11.3,72.0,266.0,9.42,22.96
2025-11-03 02:00:00,2,0,0,11,156.0,34.8,0.103,6.18,196.0,12.1,69.0,363.0,9.75,18.5
2025-11-03 03:00:00,3,0,0,11,199.0,35.2,0.076,5.1,190.0,11.5,68.0,316.0,9.55,24.79
2025-11-03 04:00:00,4,0,0,11,167.0,35.1,0.119,1.92,203.0,13.9,70.0,206.0,12.33,33.56
2025-11-03 05:00:00,5,0,0,11,245.0,33.5,0.13,4.95,95.0,14.1,77.0,403.0,8.04,15.31
2025-11-03 06:00:00,6,0,0,11,521.0,29.8,0.147,2.1,312.0,15.1,76.0,210.0,18.91,82.53
2025-11-03 07:00:00,7,0,0,11,820.0,24.3,0.127,4.64,100.0,15.6,71.0,459.0,10.35,32.56
2025-11-03 08:00:00,8,0,0,11,1001.0,23.4,0.108,3.96,322.0,18.7,68.0,655.0,12.12,30.31
2025-11-03 09:00:00,9,0,0,11,877.0,22.8,0.099,3.07,49.0,18.5,62.0,785.0,9.55,34.05
2025-11-03 10:00:00,10,0,0,11,613.0,29.1,0.077,6.52,196.0,19.8,70.0,772.0,9.68,18.86
2025-11-03 11:00:00,11,0,0,11,387.0,32.5,0.094,2.49,210.0,20.9,67.0,908.0,9.35,20.36
2025-11-03 12:00:00,12,0,0,11,292.0,34.0,0.095,1.24,54.0,20.2,62.0,929.0,8.52,30.23
2025-11-03 13:00:00,13,0,0,11,326.0,31.6,0.066,4.16,0.0,19.8,66.0,974.0,8.34,16.28
2025-11-03 14:00:00,14,0,0,11,374.0,31.8,0.089,2.02,121.0,19.1,67.0,844.0,8.91,26.06
2025-11-03 15:00:00,15,0,0,11,414.0,30.8,0.075,3.41,7.0,21.3,65.0,696.0,10.36,24.57
2025-11-03 16:00:00,16,0,0,11,673.0,26.5,0.086,2.76,44.0,17.1,70.0,586.0,9.35,27.26
2025-11-03 17:00:00,17,0,0,11,877.0,23.2,0.077,0.91,285.0,16.9,61.0,546.0,22.97,101.41
2025-11-03 18:00:00,18,0,0,11,1024.0,23.0,0.088,2.47,10.0,14.1,69.0,283.0,18.25,87.73
2025-11-03 19:00:00,19,0,0,11,874.0,25.3,0.071,1.8,92.0,13.1,74.0,384.0,19.58,71.39
2025-11-03 20:00:00,20,0,0,11,534.0,29.5,0.085,1.52,273.0,12.5,71.0,289.0,20.62,71.1
2025-11-03 21:00:00,21,0,0,11,222.0,36.4,0.08,1.16,97.0,13.4,70.0,290.0,14.16,43.45
2025-11-03 22:00:00,22,0,0,11,185.0,35.7,0.084,4.58,191.0,8.4,80.0,254.0,7.6,22.19
2025-11-03 23:00:00,23,0,0,11,134.0,35.9,0.074,0.44,274.0,10.7,74.0,365.0,14.47,51.08
2025-11-04 00:00:00,0,1,0,11,147.0,38.5,0.091,1.35,92.0,11.3,73.0,260.0,9.98,42.42
2025-11-04 01:00:00,1,1,0,11,163.0,34.7,0.086,7.44,353.0,8.9,68.0,408.0,6.88,7.85
2025-11-04 02:00:00,2,1,0,11,138.0,39.5,0.083,8.12,90.0,11.6,73.0,410.0,10.09,9.32
2025-11-04 03:00:00,3,1,0,11,157.0,35.7,0.082,2.17,275.0,10.9,68.0,278.0,10.09,27.96
2025-11-04 04:00:00,4,1,0,11,246.0,34.5,0.104,1.42,202.0,11.6,64.0,479.0,10.84,29.3
2025-11-04 05:00:00,5,1,0,11,259.0,30.5,0.126,3.2,100.0,14.0,71.0,428.0,7.63,22.18
2025-11-04 06:00:00,6,1,0,11,490.0,29.6,0.123,8.82,150.0,15.6,67.0,405.0,9.63,20.85
2025-11-04 07:00:00,7,1,0,11,842.0,24.9,0.125,1.67,278.0,16.0,65.0,754.0,12.44,55.95
2025-11-04 08:00:00,8,1,0,11,1039.0,22.5,0.127,1.1,84.0,17.8,66.0,707.0,20.93,83.25
2025-11-04 09:00:00,9,1,0,11,843.0,23.8,0.094,1.69,200.0,19.6,61.0,640.0,15.38,51.19
2025-11-04 10:00:00,10,1,0,11,597.0,30.5,0.099,1.81,38.0,21.2,71.0,834.0,10.61,30.69
2025-11-04 11:00:00,11,1,0,11,291.0,31.5,0.076,3.7,87.0,20.0,62.0,834.0,9.11,18.88
2025-11-04 12:00:00,12,1,0,11,301.0,36.6,0.093,2.27,228.0,18.9,65.0,989.0,5.92,21.1
2025-11-04 13:00:00,13,1,0,11,300.0,33.3,0.076,1.72,188.0,19.4,72.0,943.0,7.63,19.53
2025-11-04 14:00:00,14,1,0,11,316.0,30.7,0.083,1.14,120.0,18.8,65.0,942.0,10.38,30.15
2025-11-04 15:00:00,15,1,0,11,473.0,29.5,0.084,0.42,96.0,18.1,71.0,873.0,15.8,63.38
2025-11-04 16:00:00,16,1,0,11,616.0,27.9,0.076,4.43,88.0,16.9,67.0,599.0,10.23,20.89
2025-11-04 17:00:00,17,1,0,11,935.0,24.6,0.065,3.16,144.0,15.9,65.0,644.0,12.17,35.18
2025-11-04 18:00:00,18,1,0,11,1068.0,23.5,0.064,1.22,34.0,17.7,65.0,350.0,29.78,134.81
2025-11-04 19:00:00,19,1,0,11,892.0,23.8,0.072,1.75,263.0,12.5,70.0,446.0,17.89,67.56
2025-11-04 20:00:00,20,1,0,11,554.0,27.9,0.088,0.83,228.0,12.7,70.0,339.0,25.87,108.69
2025-11-04 21:00:00,21,1,0,11,244.0,34.3,0.072,3.76,322.0,11.5,67.0,448.0,7.19,21.93
2025-11-04 22:00:00,22,1,0,11,226.0,31.8,0.072,3.34,151.0,10.7,81.0,212.0,9.56,24.91
2025-11-04 23:00:00,23,1,0,11,120.0,35.0,0.088,4.23,171.0,9.7,74.0,433.0,7.35,15.62
2025-11-05 00:00:00,0,2,0,11,171.0,33.8,0.087,2.55,212.0,8.1,76.0,471.0,8.68,13.82
2025-11-05 01:00:00,1,2,0,11,133.0,36.8,0.082,3.87,75.0,12.5,74.0,464.0,6.76,15.45
2025-11-05 02:00:00,2,2,0,11,173.0,32.9,0.077,5.11,24.0,11.2,74.0,456.0,6.3,14.01
2025-11-05 03:00:00,3,2,0,11,183.0,36.9,0.097,4.59,220.0,11.8,69.0,383.0,8.94,21.62
2025-11-05 04:00:00,4,2,0,11,245.0,32.6,0.124,2.59,2.0,14.0,64.0,337.0,12.94,34.24
2025-11-05 05:00:00,5,2,0,11,290.0,32.8,0.128,2.2,296.0,14.7,65.0,245.0,13.04,44.61
2025-11-05 06:00:00,6,2,0,11,543.0,30.9,0.137,0.79,324.0,16.3,69.0,494.0,19.84,95.8
2025-11-05 07:00:00,7,2,0,11,818.0,27.6,0.14,7.5,191.0,18.0,63.0,484.0,10.85,28.22
2025-11-05 08:00:00,8,2,0,11,1009.0,22.0,0.108,2.42,280.0,17.0,61.0,774.0,14.08,44.06
2025-11-05 09:00:00,9,2,0,11,855.0,23.7,0.112,3.0,333.0,16.0,72.0,866.0,8.96,33.82
2025-11-05 10:00:00,10,2,0,11,598.0,29.0,0.098,2.45,101.0,18.9,65.0,940.0,9.09,29.17
2025-11-05 11:00:00,11,2,0,11,426.0,32.8,0.075,4.75,218.0,21.0,62.0,988.0,7.65,21.09
2025-11-05 12:00:00,12,2,0,11,256.0,32.4,0.096,4.03,142.0,21.0,65.0,1100.0,7.56,16.09
2025-11-05 13:00:00,13,2,0,11,299.0,34.9,0.088,7.3,113.0,19.4,69.0,916.0,5.74,20.74
2025-11-05 14:00:00,14,2,0,11,341.0,31.6,0.078,6.21,48.0,18.9,64.0,910.0,7.86,14.8
2025-11-05 15:00:00,15,2,0,11,418.0,33.2,0.092,2.4,156.0,20.2,67.0,657.0,11.17,24.67
2025-11-05 16:00:00,16,2,0,11,642.0,25.6,0.075,6.31,247.0,16.9,70.0,544.0,10.79,23.27
2025-11-05 17:00:00,17,2,0,11,942.0,24.1,0.066,1.91,85.0,17.5,68.0,504.0,17.7,65.4
2025-11-05 18:00:00,18,2,0,11,1062.0,23.2,0.086,2.69,71.0,14.6,68.0,397.0,16.09,67.8
2025-11-05 19:00:00,19,2,0,11,888.0,23.2,0.091,3.65,6.0,14.9,72.0,424.0,14.94,40.02
2025-11-05 20:00:00,20,2,0,11,531.0,29.9,0.07,6.6,109.0,13.4,68.0,396.0,6.27,19.36
2025-11-05 21:00:00,21,2,0,11,341.0,36.0,0.077,3.03,87.0,11.3,79.0,257.0,11.58,38.87
2025-11-05 22:00:00,22,2,0,11,115.0,38.0,0.067,3.79,16.0,10.9,68.0,316.0,10.79,19.57
2025-11-05 23:00:00,23,2,0,11,95.0,36.3,0.084,3.3,233.0,9.9,64.0,372.0,8.19,23.5
2025-11-06 00:00:00,0,3,0,11,133.0,36.6,0.087,2.64,47.0,12.2,74.0,384.0,9.01,21.36
2025-11-06 01:00:00,1,3,0,11,105.0,35.3,0.083,0.54,60.0,10.3,77.0,261.0,16.36,57.25
2025-11-06 02:00:00,2,3,0,11,128.0,33.8,0.069,6.22,180.0,11.0,65.0,307.0,8.74,12.06
2025-11-06 03:00:00,3,3,0,11,240.0,32.9,0.097,6.66,207.0,10.1,70.0,299.0,7.37,15.62
2025-11-06 04:00:00,4,3,0,11,163.0,35.4,0.112,6.34,126.0,13.5,73.0,496.0,5.92,19.61
2025-11-06 05:00:00,5,3,0,11,242.0,35.8,0.131,9.18,316.0,14.3,76.0,257.0,6.69,19.76
2025-11-06 06:00:00,6,3,0,11,490.0,33.2,0.132,12.0,275.0,15.8,78.0,333.0,6.52,20.11
2025-11-06 07:00:00,7,3,0,11,770.0,25.1,0.13,5.32,146.0,17.6,64.0,476.0,9.82,36.68
2025-11-06 08:00:00,8,3,0,11,1002.0,25.2,0.111,1.35,46.0,18.9,66.0,693.0,17.81,75.2
2025-11-06 09:00:00,9,3,0,11,853.0,27.7,0.107,2.82,288.0,18.2,71.0,832.0,10.81,37.72
2025-11-06 10:00:00,10,3,0,11,549.0,29.7,0.074,1.37,193.0,20.5,67.0,901.0,9.53,40.64
2025-11-06 11:00:00,11,3,0,11,408.0,31.6,0.075,0.6,269.0,20.2,68.0,1064.0,13.4,45.02
2025-11-06 12:00:00,12,3,0,11,317.0,30.6,0.09,3.71,256.0,22.3,56.0,989.0,8.49,18.97
2025-11-06 13:00:00,13,3,0,11,320.0,32.0,0.077,3.32,310.0,19.4,66.0,1102.0,7.69,14.65
2025-11-06 14:00:00,14,3,0,11,336.0,32.7,0.063,7.47,24.0,20.3,71.0,822.0,9.98,15.99
2025-11-06 15:00:00,15,3,0,11,385.0,31.3,0.083,1.35,323.0,20.4,68.0,846.0,12.73,29.76
2025-11-06 16:00:00,16,3,0,11,620.0,32.0,0.067,5.72,189.0,16.4,68.0,543.0,8.13,20.09
2025-11-06 17:00:00,17,3,0,11,907.0,26.1,0.069,3.13,79.0,16.9,68.0,447.0,11.43,43.66
2025-11-06 18:00:00,18,3,0,11,1080.0,21.4,0.081,6.21,332.0,13.1,72.0,454.0,9.62,30.94
2025-11-06 19:00:00,19,3,0,11,903.0,27.3,0.086,2.04,160.0,12.2,80.0,249.0,22.0,96.75
2025-11-06 20:00:00,20,3,0,11,543.0,27.6,0.078,2.92,223.0,13.9,69.0,336.0,12.09,40.4
2025-11-06 21:00:00,21,3,0,11,262.0,34.2,0.079,6.51,305.0,10.4,81.0,316.0,8.49,23.42
2025-11-06 22:00:00,22,3,0,11,127.0,36.8,0.068,0.4,130.0,11.3,70.0,336.0,14.73,47.72
2025-11-06 23:00:00,23,3,0,11,120.0,37.8,0.069,1.9,293.0,10.9,73.0,343.0,10.37,22.99
2025-11-07 00:00:00,0,4,0,11,175.0,36.7,0.086,1.21,197.0,11.0,67.0,451.0,8.9,34.47
2025-11-07 01:00:00,1,4,0,11,176.0,34.0,0.095,2.19,171.0,11.2,72.0,371.0,9.56,25.54
2025-11-07 02:00:00,2,4,0,11,117.0,32.2,0.095,6.32,75.0,11.0,77.0,271.0,7.82,19.48
2025-11-07 03:00:00,3,4,0,11,128.0,36.5,0.092,4.5,217.0,11.1,71.0,258.0,8.68,22.22
2025-11-07 04:00:00,4,4,0,11,155.0,37.2,0.125,3.44,52.0,11.2,64.0,210.0,7.61,23.31
2025-11-07 05:00:00,5,4,0,11,303.0,32.2,0.13,4.74,1.0,14.4,70.0,359.0,8.81,21.43
2025-11-07 06:00:00,6,4,0,11,510.0,30.3,0.127,0.67,305.0,15.7,65.0,318.0,31.07,145.23
2025-11-07 07:00:00,7,4,0,11,795.0,21.8,0.128,5.19,108.0,17.3,67.0,379.0,10.21,40.47
2025-11-07 08:00:00,8,4,0,11,1053.0,19.6,0.125,1.24,130.0,18.1,64.0,705.0,19.95,80.72
2025-11-07 09:00:00,9,4,0,11,881.0,23.1,0.097,4.79,5.0,17.2,61.0,680.0,9.62,28.46
2025-11-07 10:00:00,10,4,0,11,482.0,30.4,0.074,3.54,290.0,18.7,70.0,834.0,7.14,19.03
2025-11-07 11:00:00,11,4,0,11,371.0,29.4,0.079,4.52,331.0,21.0,50.0,1004.0,10.67,22.58
2025-11-07 12:00:00,12,4,0,11,333.0,29.6,0.083,2.71,87.0,22.7,60.0,1018.0,8.08,18.48
2025-11-07 13:00:00,13,4,0,11,335.0,33.2,0.087,1.58,35.0,22.5,70.0,1042.0,6.89,22.81
2025-11-07 14:00:00,14,4,0,11,342.0,34.7,0.076,3.7,150.0,19.2,68.0,968.0,8.14,26.05
2025-11-07 15:00:00,15,4,0,11,400.0,31.3,0.078,2.5,221.0,17.8,73.0,743.0,8.5,25.01
2025-11-07 16:00:00,16,4,0,11,562.0,29.5,0.082,0.94,6.0,18.2,66.0,729.0,15.37,52.92
2025-11-07 17:00:00,17,4,0,11,988.0,22.3,0.072,7.36,321.0,17.1,64.0,424.0,9.2,27.64
2025-11-07 18:00:00,18,4,0,11,1049.0,22.1,0.078,2.62,188.0,15.7,72.0,408.0,17.13,55.82
2025-11-07 19:00:00,19,4,0,11,910.0,22.6,0.069,1.34,73.0,15.1,65.0,363.0,25.86,104.82
2025-11-07 20:00:00,20,4,0,11,526.0,28.9,0.084,1.72,191.0,12.7,71.0,406.0,14.97,49.63
2025-11-07 21:00:00,21,4,0,11,301.0,34.1,0.079,5.7,126.0,12.8,74.0,327.0,9.17,16.37
2025-11-07 22:00:00,22,4,0,11,263.0,36.4,0.079,7.87,206.0,11.4,70.0,401.0,6.55,16.76
2025-11-07 23:00:00,23,4,0,11,174.0,36.7,0.081,2.82,283.0,11.8,69.0,304.0,7.21,25.5
2025-11-08 00:00:00,0,5,1,11,144.0,39.2,0.078,2.12,163.0,10.4,66.0,302.0,8.77,22.59
2025-11-08 01:00:00,1,5,1,11,111.0,34.3,0.073,4.41,158.0,8.7,75.0,406.0,10.1,11.57
2025-11-08 02:00:00,2,5,1,11,121.0,35.3,0.089,3.47,116.0,12.0,71.0,296.0,8.13,20.17
2025-11-08 03:00:00,3,5,1,11,108.0,36.3,0.082,6.32,100.0,13.0,69.0,317.0,7.32,16.23
2025-11-08 04:00:00,4,5,1,11,153.0,39.0,0.109,2.95,213.0,13.4,70.0,347.0,9.6,23.06
2025-11-08 05:00:00,5,5,1,11,209.0,36.7,0.132,6.23,131.0,13.7,73.0,487.0,7.46,20.62
2025-11-08 06:00:00,6,5,1,11,412.0,30.2,0.146,3.67,163.0,17.0,68.0,440.0,8.13,26.96
2025-11-08 07:00:00,7,5,1,11,616.0,28.8,0.136,5.17,3.0,14.1,72.0,503.0,8.99,27.94
2025-11-08 08:00:00,8,5,1,11,812.0,27.5,0.118,6.37,293.0,17.2,68.0,522.0,9.56,29.36
2025-11-08 09:00:00,9,5,1,11,642.0,29.2,0.092,1.34,320.0,17.0,66.0,877.0,12.45,38.9
2025-11-08 10:00:00,10,5,1,11,411.0,31.9,0.097,6.52,247.0,18.5,73.0,865.0,7.47,19.19
2025-11-08 11:00:00,11,5,1,11,267.0,32.0,0.088,2.33,101.0,19.3,67.0,947.0,9.78,22.7
2025-11-08 12:00:00,12,5,1,11,197.0,37.1,0.077,1.44,103.0,19.2,72.0,985.0,7.41,28.31
2025-11-08 13:00:00,13,5,1,11,234.0,34.8,0.073,7.61,260.0,22.9,58.0,969.0,6.89,17.83
2025-11-08 14:00:00,14,5,1,11,301.0,33.3,0.086,3.66,170.0,20.1,68.0,867.0,7.23,20.6
2025-11-08 15:00:00,15,5,1,11,288.0,33.6,0.081,1.55,240.0,18.0,74.0,864.0,9.0,27.03
2025-11-08 16:00:00,16,5,1,11,556.0,31.9,0.073,6.75,261.0,17.6,64.0,509.0,8.66,23.58
2025-11-08 17:00:00,17,5,1,11,696.0,30.7,0.095,1.66,200.0,16.4,59.0,576.0,16.82,51.46
2025-11-08 18:00:00,18,5,1,11,819.0,25.4,0.091,1.77,313.0,16.5,62.0,301.0,21.53,87.43
2025-11-08 19:00:00,19,5,1,11,702.0,26.2,0.071,0.82,253.0,13.0,65.0,303.0,30.73,142.3
2025-11-08 20:00:00,20,5,1,11,404.0,30.1,0.069,2.5,325.0,11.6,76.0,430.0,10.3,31.62
2025-11-08 21:00:00,21,5,1,11,202.0,34.9,0.071,3.83,252.0,11.8,74.0,391.0,8.51,24.38
2025-11-08 22:00:00,22,5,1,11,212.0,34.2,0.097,3.34,187.0,10.3,70.0,211.0,13.35,30.59
2025-11-08 23:00:00,23,5,1,11,125.0,36.6,0.078,1.09,184.0,10.1,75.0,298.0,12.27,34.19
2025-11-09 00:00:00,0,6,1,11,66.0,36.3,0.08,12.0,331.0,12.3,68.0,308.0,7.31,14.08
2025-11-09 01:00:00,1,6,1,11,54.0,34.9,0.086,3.32,56.0,11.8,68.0,471.0,5.64,15.99
2025-11-09 02:00:00,2,6,1,11,40.0,36.9,0.068,1.43,139.0,9.5,77.0,373.0,6.97,18.94
2025-11-09 03:00:00,3,6,1,11,87.0,40.7,0.085,2.55,359.0,10.4,72.0,295.0,8.71,25.26
2025-11-09 04:00:00,4,6,1,11,101.0,35.0,0.096,2.26,14.0,10.9,75.0,412.0,5.41,22.39
2025-11-09 05:00:00,5,6,1,11,134.0,36.5,0.129,2.38,303.0,13.9,70.0,318.0,10.26,17.55
2025-11-09 06:00:00,6,6,1,11,255.0,35.6,0.15,4.64,338.0,15.6,63.0,488.0,9.64,15.73
2025-11-09 07:00:00,7,6,1,11,419.0,32.6,0.137,1.01,103.0,18.5,69.0,614.0,16.29,52.69
2025-11-09 08:00:00,8,6,1,11,630.0,28.5,0.095,2.15,126.0,16.8,69.0,761.0,9.65,33.87
2025-11-09 09:00:00,9,6,1,11,538.0,29.9,0.097,2.29,126.0,17.4,67.0,704.0,11.21,33.8
2025-11-09 10:00:00,10,6,1,11,394.0,31.2,0.081,2.88,145.0,18.6,70.0,781.0,9.88,17.4
2025-11-09 11:00:00,11,6,1,11,227.0,35.9,0.089,1.08,299.0,17.8,58.0,943.0,10.74,29.01
2025-11-09 12:00:00,12,6,1,11,198.0,38.0,0.065,1.05,86.0,21.3,63.0,1001.0,7.84,25.18
2025-11-09 13:00:00,13,6,1,11,203.0,34.6,0.09,0.94,183.0,21.4,64.0,848.0,9.52,29.27
2025-11-09 14:00:00,14,6,1,11,135.0,38.3,0.077,2.03,293.0,18.0,74.0,853.0,6.41,21.46
2025-11-09 15:00:00,15,6,1,11,258.0,32.6,0.075,5.93,310.0,18.2,63.0,783.0,6.69,24.05
2025-11-09 16:00:00,16,6,1,11,378.0,32.1,0.086,3.84,268.0,19.0,68.0,685.0,8.16,18.97
2025-11-09 17:00:00,17,6,1,11,526.0,29.6,0.065,5.37,67.0,17.8,62.0,493.0,9.73,21.2
2025-11-09 18:00:00,18,6,1,11,624.0,29.2,0.079,3.43,50.0,16.1,82.0,308.0,15.68,45.63
2025-11-09 19:00:00,19,6,1,11,546.0,27.3,0.074,2.31,74.0,14.0,73.0,379.0,12.78,47.84
2025-11-09 20:00:00,20,6,1,11,325.0,35.9,0.08,2.63,193.0,12.5,77.0,370.0,8.52,31.5
2025-11-09 21:00:00,21,6,1,11,147.0,35.8,0.076,10.35,81.0,12.6,64.0,319.0,5.26,11.61
2025-11-09 22:00:00,22,6,1,11,84.0,35.1,0.079,6.12,349.0,10.6,72.0,359.0,6.78,14.33
2025-11-09 23:00:00,23,6,1,11,126.0,37.8,0.089,0.57,347.0,10.8,74.0,363.0,11.6,39.66
2025-11-10 00:00:00,0,0,0,11,89.0,35.0,0.084,6.59,340.0,8.5,78.0,393.0,8.07,17.47
2025-11-10 01:00:00,1,0,0,11,173.0,35.3,0.068,2.16,110.0,13.1,68.0,386.0,8.55,20.28
2025-11-10 02:00:00,2,0,0,11,183.0,36.1,0.081,7.56,220.0,11.6,71.0,389.0,6.38,17.52
2025-11-10 03:00:00,3,0,0,11,139.0,35.6,0.105,4.29,97.0,9.5,77.0,281.0,7.17,20.18
2025-11-10 04:00:00,4,0,0,11,212.0,34.4,0.118,2.87,213.0,13.6,71.0,408.0,9.88,29.26
2025-11-10 05:00:00,5,0,0,11,308.0,34.3,0.124,2.79,180.0,13.1,72.0,416.0,9.78,32.74
2025-11-10 06:00:00,6,0,0,11,460.0,31.1,0.15,1.48,185.0,14.1,69.0,437.0,15.12,52.2
2025-11-10 07:00:00,7,0,0,11,820.0,26.2,0.132,8.11,90.0,15.9,78.0,570.0,7.22,22.16
2025-11-10 08:00:00,8,0,0,11,1007.0,21.7,0.105,3.34,90.0,19.1,71.0,824.0,12.3,28.57
2025-11-10 09:00:00,9,0,0,11,824.0,25.7,0.087,10.57,196.0,19.9,69.0,735.0,8.61,19.66
2025-11-10 10:00:00,10,0,0,11,549.0,29.3,0.065,3.48,277.0,19.8,63.0,981.0,9.71,17.46
2025-11-10 11:00:00,11,0,0,11,316.0,32.8,0.077,7.02,182.0,21.3,63.0,823.0,9.35,21.06
2025-11-10 12:00:00,12,0,0,11,316.0,31.6,0.071,0.4,155.0,21.7,61.0,1106.0,12.76,42.91
2025-11-10 13:00:00,13,0,0,11,326.0,33.6,0.082,1.79,91.0,21.9,66.0,872.0,8.27,27.91
2025-11-10 14:00:00,14,0,0,11,341.0,32.5,0.093,3.81,198.0,21.8,63.0,985.0,6.45,21.98
2025-11-10 15:00:00,15,0,0,11,411.0,31.1,0.076,2.26,66.0,17.3,66.0,932.0,9.83,25.09
2025-11-10 16:00:00,16,0,0,11,606.0,29.2,0.085,6.03,188.0,17.9,62.0,713.0,6.31,27.42
2025-11-10 17:00:00,17,0,0,11,904.0,21.1,0.079,1.6,28.0,17.2,66.0,588.0,16.52,64.88
2025-11-10 18:00:00,18,0,0,11,1065.0,20.8,0.07,6.9,348.0,15.9,67.0,446.0,10.1,31.78
2025-11-10 19:00:00,19,0,0,11,834.0,24.3,0.095,1.05,107.0,13.5,68.0,219.0,41.64,180.0
2025-11-10 20:00:00,20,0,0,11,534.0,31.6,0.073,2.83,181.0,14.1,70.0,423.0,11.85,35.76
2025-11-10 21:00:00,21,0,0,11,276.0,36.5,0.078,2.5,177.0,13.6,65.0,302.0,12.07,34.48
2025-11-10 22:00:00,22,0,0,11,205.0,37.4,0.077,1.6,160.0,10.9,66.0,294.0,13.22,32.71
2025-11-10 23:00:00,23,0,0,11,97.0,40.3,0.081,4.61,167.0,9.9,69.0,407.0,9.13,16.52
2025-11-11 00:00:00,0,1,0,11,107.0,35.6,0.073,1.58,290.0,7.8,69.0,319.0,10.35,21.56
2025-11-11 01:00:00,1,1,0,11,167.0,36.5,0.086,4.93,95.0,10.9,68.0,363.0,9.58,22.13
2025-11-11 02:00:00,2,1,0,11,193.0,33.8,0.103,2.5,74.0,11.7,73.0,243.0,8.55,29.93
2025-11-11 03:00:00,3,1,0,11,90.0,37.6,0.104,2.19,66.0,12.0,66.0,286.0,8.55,18.0
2025-11-11 04:00:00,4,1,0,11,160.0,34.2,0.101,4.03,98.0,12.9,72.0,165.0,8.44,22.27
2025-11-11 05:00:00,5,1,0,11,241.0,35.9,0.126,3.73,70.0,12.8,62.0,433.0,7.22,22.74
2025-11-11 06:00:00,6,1,0,11,527.0,29.5,0.149,0.4,21.0,15.5,67.0,309.0,43.12,180.0
2025-11-11 07:00:00,7,1,0,11,846.0,25.0,0.122,2.79,22.0,18.9,75.0,450.0,13.45,55.59
2025-11-11 08:00:00,8,1,0,11,1064.0,21.9,0.128,5.55,116.0,17.5,66.0,680.0,11.68,31.9
2025-11-11 09:00:00,9,1,0,11,839.0,24.4,0.088,8.24,91.0,19.4,73.0,859.0,7.89,24.46
2025-11-11 10:00:00,10,1,0,11,581.0,29.1,0.086,10.97,263.0,22.3,66.0,866.0,9.89,13.06
2025-11-11 11:00:00,11,1,0,11,361.0,31.4,0.093,4.44,10.0,18.8,63.0,846.0,8.82,21.62
2025-11-11 12:00:00,12,1,0,11,306.0,33.0,0.08,5.49,97.0,22.5,66.0,1037.0,5.89,16.69
2025-11-11 13:00:00,13,1,0,11,318.0,32.3,0.093,12.0,271.0,18.8,68.0,934.0,6.87,16.82
2025-11-11 14:00:00,14,1,0,11,367.0,30.7,0.075,2.68,122.0,22.0,69.0,934.0,7.81,20.61
2025-11-11 15:00:00,15,1,0,11,316.0,33.6,0.093,3.04,126.0,19.6,68.0,907.0,10.63,19.96
2025-11-11 16:00:00,16,1,0,11,662.0,28.1,0.077,1.19,234.0,15.9,70.0,625.0,16.43,54.9
2025-11-11 17:00:00,17,1,0,11,909.0,25.0,0.085,1.38,348.0,17.3,70.0,536.0,16.73,75.15
2025-11-11 18:00:00,18,1,0,11,1009.0,19.4,0.072,9.98,344.0,15.5,67.0,328.0,7.09,34.19
2025-11-11 19:00:00,19,1,0,11,838.0,22.4,0.089,3.04,150.0,13.9,71.0,208.0,20.77,82.48
2025-11-11 20:00:00,20,1,0,11,495.0,26.3,0.066,8.31,140.0,12.7,71.0,349.0,7.83,14.22
2025-11-11 21:00:00,21,1,0,11,281.0,34.1,0.07,4.03,342.0,13.2,67.0,259.0,8.48,22.0
2025-11-11 22:00:00,22,1,0,11,235.0,33.6,0.076,1.55,146.0,11.8,66.0,375.0,10.26,28.99
2025-11-11 23:00:00,23,1,0,11,159.0,35.5,0.068,6.55,154.0,12.3,70.0,481.0,6.84,17.69
2025-11-12 00:00:00,0,2,0,11,177.0,34.7,0.072,1.81,320.0,12.0,70.0,376.0,9.08,18.61
2025-11-12 01:00:00,1,2,0,11,211.0,34.6,0.083,0.58,106.0,9.9,70.0,376.0,16.89,61.01
2025-11-12 02:00:00,2,2,0,11,135.0,36.9,0.088,2.56,353.0,11.1,65.0,392.0,7.08,17.87
2025-11-12 03:00:00,3,2,0,11,202.0,33.4,0.096,1.34,165.0,14.6,72.0,259.0,16.25,44.74
2025-11-12 04:00:00,4,2,0,11,252.0,35.4,0.11,0.68,201.0,12.6,75.0,420.0,16.24,60.85
2025-11-12 05:00:00,5,2,0,11,259.0,32.4,0.136,0.7,80.0,15.6,69.0,444.0,15.45,65.81
2025-11-12 06:00:00,6,2,0,11,481.0,30.5,0.131,0.79,329.0,15.2,74.0,472.0,20.25,89.17
2025-11-12 07:00:00,7,2,0,11,844.0,26.4,0.123,3.52,129.0,17.4,65.0,560.0,12.19,38.89
2025-11-12 08:00:00,8,2,0,11,1005.0,23.3,0.125,1.86,211.0,17.5,70.0,633.0,18.33,60.73
2025-11-12 09:00:00,9,2,0,11,892.0,23.4,0.102,1.06,243.0,18.1,63.0,747.0,19.22,72.0
2025-11-12 10:00:00,10,2,0,11,620.0,27.6,0.083,2.34,195.0,20.5,74.0,862.0,10.6,25.28
2025-11-12 11:00:00,11,2,0,11,361.0,33.9,0.084,1.54,347.0,19.5,71.0,989.0,8.92,22.42
2025-11-12 12:00:00,12,2,0,11,318.0,35.3,0.078,3.85,242.0,21.3,62.0,1034.0,8.42,14.6
2025-11-12 13:00:00,13,2,0,11,301.0,32.9,0.064,5.16,19.0,19.7,71.0,943.0,11.91,12.58
2025-11-12 14:00:00,14,2,0,11,269.0,34.3,0.08,5.69,252.0,20.2,64.0,725.0,9.43,18.57
2025-11-12 15:00:00,15,2,0,11,442.0,31.6,0.085,0.95,172.0,17.3,68.0,774.0,11.36,45.19
2025-11-12 16:00:00,16,2,0,11,568.0,28.2,0.088,3.5,0.0,18.8,66.0,603.0,8.27,31.86
2025-11-12 17:00:00,17,2,0,11,942.0,24.6,0.077,5.82,70.0,16.0,66.0,567.0,10.09,34.29
2025-11-12 18:00:00,18,2,0,11,1029.0,22.7,0.081,3.52,244.0,16.0,58.0,470.0,12.98,43.98
2025-11-12 19:00:00,19,2,0,11,795.0,27.3,0.081,9.81,268.0,14.2,69.0,329.0,9.82,32.18
2025-11-12 20:00:00,20,2,0,11,557.0,29.5,0.079,2.06,125.0,14.1,71.0,366.0,13.86,43.58
2025-11-12 21:00:00,21,2,0,11,246.0,34.5,0.094,5.46,82.0,15.2,67.0,288.0,8.69,20.14
2025-11-12 22:00:00,22,2,0,11,169.0,34.9,0.067,3.05,92.0,12.1,74.0,469.0,11.52,21.45
2025-11-12 23:00:00,23,2,0,11,211.0,33.3,0.081,1.16,198.0,11.2,67.0,382.0,12.15,37.39
2025-11-13 00:00:00,0,3,0,11,203.0,36.2,0.073,3.33,239.0,10.0,60.0,249.0,8.79,26.33
2025-11-13 01:00:00,1,3,0,11,124.0,38.4,0.068,5.17,27.0,13.0,65.0,495.0,7.8,12.25
2025-11-13 02:00:00,2,3,0,11,186.0,34.1,0.064,1.82,134.0,10.8,73.0,247.0,8.52,35.66
2025-11-13 03:00:00,3,3,0,11,233.0,33.9,0.082,0.98,258.0,13.6,64.0,408.0,12.19,37.85
2025-11-13 04:00:00,4,3,0,11,154.0,35.5,0.112,1.92,38.0,13.4,73.0,402.0,7.13,22.64
2025-11-13 05:00:00,5,3,0,11,223.0,35.2,0.125,0.4,352.0,12.6,74.0,204.0,26.6,133.07
2025-11-13 06:00:00,6,3,0,11,517.0,28.4,0.149,6.83,2.0,15.1,68.0,521.0,9.59,25.01
2025-11-13 07:00:00,7,3,0,11,791.0,27.4,0.13,4.65,344.0,16.8,73.0,564.0,10.78,29.87
2025-11-13 08:00:00,8,3,0,11,1026.0,22.7,0.111,3.83,101.0,19.2,65.0,732.0,11.16,38.04
2025-11-13 09:00:00,9,3,0,11,824.0,26.9,0.086,0.81,283.0,19.3,61.0,820.0,16.51,70.5
2025-11-13 10:00:00,10,3,0,11,510.0,29.7,0.092,2.14,15.0,20.0,61.0,1032.0,11.15,23.59
2025-11-13 11:00:00,11,3,0,11,446.0,29.7,0.086,2.37,117.0,22.3,65.0,853.0,10.79,24.25
2025-11-13 12:00:00,12,3,0,11,351.0,31.6,0.088,1.96,321.0,23.1,62.0,1005.0,8.41,19.39
2025-11-13 13:00:00,13,3,0,11,333.0,32.4,0.091,3.94,280.0,19.9,61.0,925.0,10.28,20.7
2025-11-13 14:00:00,14,3,0,11,298.0,32.9,0.072,1.7,148.0,19.5,69.0,830.0,9.08,24.07
2025-11-13 15:00:00,15,3,0,11,473.0,31.0,0.075,1.51,214.0,18.9,71.0,908.0,8.68,31.28
2025-11-13 16:00:00,16,3,0,11,660.0,27.7,0.066,2.09,163.0,18.4,66.0,767.0,13.22,30.06
2025-11-13 17:00:00,17,3,0,11,866.0,24.3,0.087,1.15,12.0,16.5,58.0,565.0,20.38,79.43
2025-11-13 18:00:00,18,3,0,11,1071.0,21.2,0.105,1.92,13.0,13.9,72.0,334.0,24.27,102.11
2025-11-13 19:00:00,19,3,0,11,848.0,24.4,0.075,2.52,193.0,15.8,73.0,279.0,18.46,71.03
2025-11-13 20:00:00,20,3,0,11,567.0,30.9,0.08,2.17,215.0,11.7,72.0,342.0,11.87,49.58
2025-11-13 21:00:00,21,3,0,11,298.0,31.1,0.056,6.35,78.0,13.2,68.0,225.0,9.54,24.68
2025-11-13 22:00:00,22,3,0,11,252.0,31.9,0.058,1.83,104.0,11.6,64.0,357.0,12.47,34.91
2025-11-13 23:00:00,23,3,0,11,210.0,34.7,0.061,3.25,190.0,11.3,73.0,488.0,8.69,14.95
2025-11-14 00:00:00,0,4,0,11,133.0,35.5,0.079,2.51,323.0,11.2,74.0,588.0,7.91,18.43
2025-11-14 01:00:00,1,4,0,11,186.0,36.1,0.072,0.85,201.0,10.7,71.0,493.0,9.88,35.58
2025-11-14 02:00:00,2,4,0,11,134.0,35.0,0.103,2.69,230.0,13.9,73.0,385.0,7.06,23.54
2025-11-14 03:00:00,3,4,0,11,124.0,35.2,0.097,0.52,316.0,11.7,71.0,382.0,14.97,50.49
2025-11-14 04:00:00,4,4,0,11,228.0,36.7,0.106,1.6,128.0,15.0,70.0,374.0,12.06,38.75
2025-11-14 05:00:00,5,4,0,11,233.0,35.9,0.153,7.59,85.0,15.0,66.0,247.0,9.82,16.48
2025-11-14 06:00:00,6,4,0,11,453.0,30.2,0.172,4.03,286.0,14.8,72.0,298.0,11.3,39.31
2025-11-14 07:00:00,7,4,0,11,834.0,23.0,0.126,1.62,62.0,17.5,62.0,518.0,17.0,69.7
2025-11-14 08:00:00,8,4,0,11,983.0,20.9,0.107,4.89,299.0,19.6,73.0,583.0,13.06,32.11
2025-11-14 09:00:00,9,4,0,11,843.0,25.5,0.086,3.27,196.0,17.2,72.0,904.0,12.97,29.16
2025-11-14 10:00:00,10,4,0,11,535.0,27.6,0.072,4.99,175.0,18.1,67.0,811.0,8.79,23.42
2025-11-14 11:00:00,11,4,0,11,430.0,30.5,0.079,4.89,327.0,21.9,64.0,786.0,8.56,22.04
2025-11-14 12:00:00,12,4,0,11,400.0,32.4,0.067,3.02,352.0,20.6,68.0,1060.0,9.31,22.35
2025-11-14 13:00:00,13,4,0,11,330.0,34.0,0.092,8.33,176.0,19.0,64.0,934.0,8.11,17.03
2025-11-14 14:00:00,14,4,0,11,373.0,32.7,0.084,3.05,64.0,19.2,69.0,899.0,9.89,19.33
2025-11-14 15:00:00,15,4,0,11,430.0,32.7,0.098,2.78,161.0,20.1,71.0,684.0,11.87,29.92
2025-11-14 16:00:00,16,4,0,11,638.0,28.7,0.062,0.8,227.0,17.0,55.0,527.0,22.89,83.67
2025-11-14 17:00:00,17,4,0,11,931.0,23.2,0.091,1.9,25.0,17.2,69.0,523.0,15.12,64.3
2025-11-14 18:00:00,18,4,0,11,1052.0,19.4,0.091,3.5,11.0,17.1,64.0,161.0,26.06,101.97
2025-11-14 19:00:00,19,4,0,11,908.0,19.8,0.074,2.64,291.0,14.1,75.0,369.0,18.18,53.83
2025-11-14 20:00:00,20,4,0,11,537.0,30.1,0.084,1.92,312.0,12.4,70.0,424.0,14.11,49.07
2025-11-14 21:00:00,21,4,0,11,275.0,34.8,0.072,3.13,70.0,12.9,72.0,419.0,7.78,26.65
2025-11-14 22:00:00,22,4,0,11,127.0,36.3,0.082,1.82,40.0,11.2,66.0,442.0,9.16,22.45
2025-11-14 23:00:00,23,4,0,11,206.0,32.3,0.078,0.75,259.0,10.8,71.0,470.0,11.24,41.69
2025-11-15 00:00:00,0,5,1,11,96.0,39.4,0.074,8.7,27.0,10.8,73.0,223.0,8.64,17.96
2025-11-15 01:00:00,1,5,1,11,173.0,32.6,0.055,3.12,302.0,10.5,68.0,315.0,7.9,22.19
2025-11-15 02:00:00,2,5,1,11,159.0,34.3,0.098,9.12,246.0,11.4,69.0,434.0,8.48,8.71
2025-11-15 03:00:00,3,5,1,11,123.0,37.7,0.092,2.43,318.0,13.7,72.0,444.0,5.76,22.07
2025-11-15 04:00:00,4,5,1,11,111.0,37.1,0.127,0.4,97.0,15.1,71.0,412.0,9.76,48.7
2025-11-15 05:00:00,5,5,1,11,172.0,33.5,0.131,4.04,48.0,13.0,75.0,356.0,6.05,25.64
2025-11-15 06:00:00,6,5,1,11,411.0,31.3,0.138,2.45,9.0,17.2,69.0,284.0,11.91,49.34
2025-11-15 07:00:00,7,5,1,11,661.0,26.4,0.122,8.74,82.0,16.8,61.0,561.0,9.3,26.58
2025-11-15 08:00:00,8,5,1,11,826.0,25.8,0.123,0.57,318.0,19.6,65.0,713.0,27.55,129.6
2025-11-15 09:00:00,9,5,1,11,649.0,26.6,0.09,2.86,325.0,18.9,67.0,801.0,10.44,27.21
2025-11-15 10:00:00,10,5,1,11,404.0,33.5,0.087,1.96,178.0,20.0,67.0,787.0,10.15,26.53
2025-11-15 11:00:00,11,5,1,11,327.0,34.5,0.084,2.05,108.0,18.9,68.0,1010.0,8.79,22.36
2025-11-15 12:00:00,12,5,1,11,261.0,36.5,0.107,3.1,214.0,21.1,75.0,938.0,7.69,21.93
2025-11-15 13:00:00,13,5,1,11,210.0,34.2,0.083,2.69,36.0,22.3,64.0,906.0,10.28,17.43
2025-11-15 14:00:00,14,5,1,11,263.0,35.4,0.086,1.26,95.0,19.6,66.0,895.0,8.46,22.42
2025-11-15 15:00:00,15,5,1,11,313.0,33.9,0.094,2.37,74.0,19.0,65.0,903.0,10.39,20.1
2025-11-15 16:00:00,16,5,1,11,413.0,28.7,0.081,1.89,218.0,18.3,68.0,654.0,7.9,30.48
2025-11-15 17:00:00,17,5,1,11,768.0,25.8,0.067,4.91,304.0,17.4,72.0,346.0,12.55,31.91
2025-11-15 18:00:00,18,5,1,11,766.0,25.9,0.094,8.22,168.0,16.5,68.0,360.0,9.51,24.96
2025-11-15 19:00:00,19,5,1,11,662.0,25.4,0.089,2.25,49.0,16.2,64.0,326.0,13.28,57.7
2025-11-15 20:00:00,20,5,1,11,394.0,30.4,0.089,8.27,80.0,13.4,70.0,409.0,6.84,19.06
2025-11-15 21:00:00,21,5,1,11,240.0,33.4,0.078,3.2,62.0,11.2,69.0,346.0,8.09,24.71
2025-11-15 22:00:00,22,5,1,11,158.0,37.5,0.084,3.37,110.0,11.0,71.0,151.0,11.09,28.52
2025-11-15 23:00:00,23,5,1,11,108.0,39.2,0.083,3.86,23.0,10.6,67.0,379.0,8.28,22.85
2025-11-16 00:00:00,0,6,1,11,100.0,33.3,0.091,5.38,238.0,10.8,72.0,343.0,7.47,18.92
2025-11-16 01:00:00,1,6,1,11,123.0,37.8,0.067,2.87,142.0,11.2,72.0,378.0,6.2,22.79
2025-11-16 02:00:00,2,6,1,11,142.0,36.4,0.066,6.05,44.0,12.6,71.0,520.0,6.82,10.22
2025-11-16 03:00:00,3,6,1,11,56.0,39.7,0.088,1.61,346.0,12.4,73.0,362.0,7.16,20.9
2025-11-16 04:00:00,4,6,1,11,140.0,37.5,0.116,3.07,23.0,14.6,71.0,299.0,11.93,27.37
2025-11-16 05:00:00,5,6,1,11,248.0,32.7,0.127,1.59,286.0,13.1,58.0,257.0,12.7,49.86
2025-11-16 06:00:00,6,6,1,11,205.0,35.9,0.13,10.91,177.0,15.4,72.0,420.0,8.47,12.44
2025-11-16 07:00:00,7,6,1,11,536.0,29.0,0.139,1.92,170.0,19.1,69.0,461.0,13.26,47.34
2025-11-16 08:00:00,8,6,1,11,627.0,27.1,0.113,3.35,342.0,16.0,65.0,530.0,11.98,34.9
2025-11-16 09:00:00,9,6,1,11,616.0,30.4,0.105,12.0,317.0,19.9,67.0,714.0,7.32,21.55
2025-11-16 10:00:00,10,6,1,11,320.0,34.0,0.078,3.15,64.0,19.3,64.0,780.0,6.96,19.06
2025-11-16 11:00:00,11,6,1,11,241.0,33.8,0.101,2.27,185.0,19.9,68.0,1015.0,9.63,15.74
2025-11-16 12:00:00,12,6,1,11,181.0,34.1,0.073,2.91,209.0,18.7,69.0,993.0,10.08,14.5
2025-11-16 13:00:00,13,6,1,11,196.0,37.2,0.077,0.77,276.0,22.0,65.0,936.0,8.16,27.22
2025-11-16 14:00:00,14,6,1,11,184.0,34.3,0.081,0.6,126.0,18.5,62.0,843.0,10.39,33.46
2025-11-16 15:00:00,15,6,1,11,294.0,31.0,0.09,1.16,131.0,18.3,64.0,710.0,9.12,31.96
2025-11-16 16:00:00,16,6,1,11,390.0,33.4,0.073,1.89,189.0,19.2,67.0,715.0,9.57,31.89
2025-11-16 17:00:00,17,6,1,11,602.0,25.4,0.072,0.4,171.0,15.8,62.0,545.0,29.49,120.0
2025-11-16 18:00:00,18,6,1,11,664.0,28.9,0.071,2.9,275.0,17.0,66.0,380.0,11.97,42.79
2025-11-16 19:00:00,19,6,1,11,480.0,32.4,0.087,2.45,191.0,14.6,69.0,459.0,12.88,33.25
2025-11-16 20:00:00,20,6,1,11,345.0,32.9,0.071,1.15,61.0,14.5,70.0,227.0,20.3,79.54
2025-11-16 21:00:00,21,6,1,11,232.0,38.7,0.092,0.49,276.0,11.8,71.0,368.0,18.9,79.7
2025-11-16 22:00:00,22,6,1,11,151.0,34.6,0.074,1.45,346.0,10.5,70.0,409.0,10.08,32.87
2025-11-16 23:00:00,23,6,1,11,53.0,38.4,0.079,3.36,331.0,10.2,74.0,296.0,7.27,13.13
2025-11-17 00:00:00,0,0,0,11,83.0,37.6,0.081,3.49,155.0,12.1,75.0,252.0,6.25,15.88
2025-11-17 01:00:00,1,0,0,11,158.0,38.1,0.083,3.11,88.0,13.2,72.0,271.0,11.9,24.56
2025-11-17 02:00:00,2,0,0,11,165.0,37.9,0.063,2.65,197.0,12.0,68.0,308.0,9.06,21.84
2025-11-17 03:00:00,3,0,0,11,116.0,36.9,0.094,0.4,235.0,13.5,64.0,276.0,17.32,57.07
2025-11-17 04:00:00,4,0,0,11,154.0,36.0,0.113,2.79,86.0,12.8,71.0,347.0,8.62,25.74
2025-11-17 05:00:00,5,0,0,11,276.0,33.1,0.142,0.89,157.0,13.1,61.0,150.0,29.54,138.16
2025-11-17 06:00:00,6,0,0,11,492.0,31.8,0.142,1.99,41.0,17.4,69.0,420.0,14.68,44.38
2025-11-17 07:00:00,7,0,0,11,809.0,23.4,0.125,7.65,36.0,16.6,75.0,336.0,11.83,25.25
2025-11-17 08:00:00,8,0,0,11,1063.0,21.4,0.12,4.62,270.0,18.8,58.0,812.0,11.29,31.65
2025-11-17 09:00:00,9,0,0,11,855.0,23.4,0.076,4.54,252.0,19.1,71.0,721.0,10.26,25.07
2025-11-17 10:00:00,10,0,0,11,582.0,27.9,0.085,1.18,249.0,22.0,65.0,793.0,12.17,45.21
2025-11-17 11:00:00,11,0,0,11,367.0,32.0,0.078,1.39,230.0,20.8,77.0,959.0,7.81,25.54
2025-11-17 12:00:00,12,0,0,11,297.0,35.1,0.078,1.81,329.0,19.5,63.0,972.0,9.59,24.34
2025-11-17 13:00:00,13,0,0,11,267.0,31.6,0.084,1.38,335.0,18.7,66.0,922.0,8.17,27.59
2025-11-17 14:00:00,14,0,0,11,332.0,33.4,0.073,5.61,8.0,18.3,69.0,966.0,9.64,16.43
2025-11-17 15:00:00,15,0,0,11,386.0,30.6,0.086,0.94,226.0,19.9,68.0,724.0,13.55,43.64
2025-11-17 16:00:00,16,0,0,11,643.0,28.0,0.079,0.49,215.0,18.8,66.0,727.0,22.1,104.74
2025-11-17 17:00:00,17,0,0,11,915.0,22.9,0.067,1.68,346.0,16.4,72.0,466.0,16.6,70.49
2025-11-17 18:00:00,18,0,0,11,1057.0,20.1,0.08,6.63,253.0,15.7,68.0,380.0,11.17,33.88
2025-11-17 19:00:00,19,0,0,11,874.0,24.8,0.089,7.51,149.0,15.8,70.0,378.0,13.02,30.7
2025-11-17 20:00:00,20,0,0,11,553.0,30.5,0.102,0.74,10.0,13.5,64.0,352.0,26.98,122.89
2025-11-17 21:00:00,21,0,0,11,295.0,33.4,0.087,1.02,174.0,12.3,71.0,355.0,13.86,57.72
2025-11-17 22:00:00,22,0,0,11,268.0,32.4,0.091,2.89,357.0,11.8,72.0,281.0,12.06,33.66
2025-11-17 23:00:00,23,0,0,11,188.0,36.6,0.088,0.95,24.0,12.0,71.0,381.0,13.69,40.98
2025-11-18 00:00:00,0,1,0,11,148.0,34.5,0.073,4.64,230.0,10.7,77.0,400.0,6.85,21.06
2025-11-18 01:00:00,1,1,0,11,124.0,36.0,0.077,1.8,41.0,11.6,70.0,328.0,7.4,27.17
2025-11-18 02:00:00,2,1,0,11,152.0,34.0,0.084,3.73,96.0,12.1,64.0,375.0,9.53,17.8
2025-11-18 03:00:00,3,1,0,11,152.0,33.1,0.096,1.8,131.0,13.1,74.0,275.0,10.23,29.41
2025-11-18 04:00:00,4,1,0,11,154.0,35.5,0.114,2.59,337.0,11.5,71.0,348.0,9.04,26.59
2025-11-18 05:00:00,5,1,0,11,298.0,31.7,0.14,2.73,280.0,15.9,74.0,211.0,12.27,45.54
2025-11-18 06:00:00,6,1,0,11,509.0,28.8,0.136,5.01,213.0,16.7,75.0,390.0,8.33,27.37
2025-11-18 07:00:00,7,1,0,11,784.0,25.9,0.134,5.3,228.0,15.9,67.0,478.0,12.53,33.89
2025-11-18 08:00:00,8,1,0,11,1027.0,21.4,0.116,3.91,138.0,19.2,63.0,667.0,10.89,35.73
2025-11-18 09:00:00,9,1,0,11,870.0,26.9,0.087,8.98,88.0,18.6,75.0,833.0,9.05,19.45
2025-11-18 10:00:00,10,1,0,11,554.0,28.3,0.095,0.4,322.0,18.1,64.0,835.0,18.83,84.65
2025-11-18 11:00:00,11,1,0,11,375.0,30.4,0.09,0.81,196.0,19.2,56.0,860.0,11.76,41.57
2025-11-18 12:00:00,12,1,0,11,346.0,34.6,0.095,3.31,117.0,20.6,63.0,915.0,7.42,17.14
2025-11-18 13:00:00,13,1,0,11,291.0,31.9,0.066,6.21,355.0,21.5,62.0,887.0,7.27,16.74
2025-11-18 14:00:00,14,1,0,11,341.0,30.3,0.098,3.24,263.0,20.2,60.0,729.0,8.8,22.3
2025-11-18 15:00:00,15,1,0,11,412.0,30.6,0.092,5.03,187.0,18.6,65.0,831.0,7.61,18.94
2025-11-18 16:00:00,16,1,0,11,637.0,27.1,0.079,2.76,34.0,19.0,62.0,615.0,9.58,33.44
2025-11-18 17:00:00,17,1,0,11,965.0,26.0,0.084,5.72,68.0,17.2,69.0,551.0,8.32,31.4
2025-11-18 18:00:00,18,1,0,11,1063.0,19.6,0.074,6.04,262.0,16.0,63.0,404.0,12.82,29.52
2025-11-18 19:00:00,19,1,0,11,818.0,24.3,0.076,5.26,94.0,14.9,78.0,150.0,15.59,68.33
2025-11-18 20:00:00,20,1,0,11,644.0,27.5,0.076,2.49,31.0,13.6,75.0,220.0,18.29,67.54
2025-11-18 21:00:00,21,1,0,11,328.0,30.2,0.078,8.18,290.0,9.5,74.0,282.0,11.1,27.69
2025-11-18 22:00:00,22,1,0,11,219.0,32.9,0.083,6.08,163.0,11.8,64.0,368.0,7.58,22.49
2025-11-18 23:00:00,23,1,0,11,113.0,39.0,0.071,0.68,87.0,9.0,64.0,277.0,12.11,37.51
2025-11-19 00:00:00,0,2,0,11,141.0,34.4,0.066,2.46,38.0,10.5,74.0,452.0,5.41,25.51
2025-11-19 01:00:00,1,2,0,11,131.0,33.4,0.089,4.16,143.0,11.7,67.0,429.0,8.81,16.46
2025-11-19 02:00:00,2,2,0,11,122.0,35.3,0.082,1.29,237.0,11.5,68.0,237.0,12.14,32.58
2025-11-19 03:00:00,3,2,0,11,176.0,35.6,0.111,3.54,21.0,14.3,70.0,283.0,8.36,23.89
2025-11-19 04:00:00,4,2,0,11,220.0,34.4,0.097,1.2,241.0,12.8,67.0,468.0,11.19,36.2
2025-11-19 05:00:00,5,2,0,11,259.0,35.5,0.142,1.8,166.0,15.8,69.0,411.0,11.91,35.89
2025-11-19 06:00:00,6,2,0,11,483.0,31.0,0.139,8.81,324.0,17.3,61.0,404.0,7.45,20.93
2025-11-19 07:00:00,7,2,0,11,829.0,28.8,0.129,4.45,107.0,18.6,58.0,485.0,11.2,32.44
2025-11-19 08:00:00,8,2,0,11,986.0,22.1,0.11,4.19,89.0,19.5,69.0,648.0,10.05,31.5
2025-11-19 09:00:00,9,2,0,11,879.0,24.1,0.094,3.4,201.0,18.7,67.0,734.0,12.06,34.49
2025-11-19 10:00:00,10,2,0,11,586.0,29.3,0.099,4.69,25.0,20.4,69.0,914.0,10.45,24.44
2025-11-19 11:00:00,11,2,0,11,414.0,31.8,0.094,4.02,4.0,20.2,65.0,867.0,9.48,21.79
2025-11-19 12:00:00,12,2,0,11,325.0,31.7,0.086,5.8,48.0,21.6,63.0,1020.0,8.6,12.43
2025-11-19 13:00:00,13,2,0,11,317.0,32.9,0.081,6.21,154.0,19.4,68.0,885.0,7.47,21.05
2025-11-19 14:00:00,14,2,0,11,332.0,34.6,0.09,4.09,173.0,21.9,61.0,946.0,9.28,18.7
2025-11-19 15:00:00,15,2,0,11,405.0,34.2,0.086,2.7,343.0,20.5,69.0,720.0,9.84,24.44
2025-11-19 16:00:00,16,2,0,11,603.0,28.5,0.067,2.25,43.0,19.1,70.0,664.0,8.77,37.26
2025-11-19 17:00:00,17,2,0,11,959.0,23.0,0.068,2.82,334.0,17.0,61.0,370.0,15.51,57.99
2025-11-19 18:00:00,18,2,0,11,1039.0,20.9,0.086,9.25,107.0,14.8,75.0,364.0,8.83,30.28
2025-11-19 19:00:00,19,2,0,11,897.0,24.6,0.078,1.15,267.0,14.7,68.0,435.0,25.71,102.83
2025-11-19 20:00:00,20,2,0,11,549.0,28.2,0.095,4.31,329.0,13.0,66.0,280.0,12.59,36.94
2025-11-19 21:00:00,21,2,0,11,357.0,34.3,0.082,4.94,246.0,13.7,73.0,505.0,9.83,23.05
2025-11-19 22:00:00,22,2,0,11,188.0,37.7,0.08,5.81,24.0,11.0,64.0,340.0,8.59,19.39
2025-11-19 23:00:00,23,2,0,11,125.0,36.5,0.09,5.0,49.0,13.1,74.0,328.0,7.64,15.75
2025-11-20 00:00:00,0,3,0,11,159.0,34.3,0.074,7.92,135.0,9.1,78.0,337.0,8.72,19.71
2025-11-20 01:00:00,1,3,0,11,166.0,33.7,0.088,5.2,85.0,10.2,71.0,427.0,7.46,24.82
2025-11-20 02:00:00,2,3,0,11,187.0,33.5,0.074,1.88,165.0,10.4,72.0,213.0,11.1,37.93
2025-11-20 03:00:00,3,3,0,11,172.0,34.7,0.089,2.51,251.0,9.6,72.0,342.0,9.31,19.46
2025-11-20 04:00:00,4,3,0,11,162.0,31.9,0.117,2.14,174.0,12.2,68.0,262.0,12.66,32.85
2025-11-20 05:00:00,5,3,0,11,248.0,32.0,0.119,1.2,259.0,14.4,69.0,408.0,11.83,45.83
2025-11-20 06:00:00,6,3,0,11,456.0,32.0,0.131,2.31,99.0,14.6,69.0,274.0,17.74,56.11
2025-11-20 07:00:00,7,3,0,11,823.0,23.1,0.138,5.19,219.0,18.9,63.0,555.0,9.22,32.6
2025-11-20 08:00:00,8,3,0,11,1078.0,22.1,0.121,2.27,292.0,18.4,70.0,541.0,16.01,58.91
2025-11-20 09:00:00,9,3,0,11,835.0,26.3,0.087,4.62,105.0,19.8,60.0,618.0,9.79,27.5
2025-11-20 10:00:00,10,3,0,11,589.0,25.6,0.088,6.61,102.0,21.8,61.0,802.0,9.57,18.0
2025-11-20 11:00:00,11,3,0,11,407.0,33.0,0.07,6.4,28.0,22.1,63.0,870.0,7.93,20.16
2025-11-20 12:00:00,12,3,0,11,390.0,32.3,0.075,4.5,358.0,20.7,67.0,1140.0,7.57,16.42
2025-11-20 13:00:00,13,3,0,11,306.0,32.1,0.072,3.7,130.0,22.1,64.0,900.0,7.93,14.13
2025-11-20 14:00:00,14,3,0,11,304.0,35.8,0.078,2.81,248.0,21.5,71.0,847.0,7.17,21.36
2025-11-20 15:00:00,15,3,0,11,424.0,31.6,0.11,0.77,248.0,19.5,66.0,794.0,12.97,49.79
2025-11-20 16:00:00,16,3,0,11,658.0,29.1,0.083,3.28,23.0,19.0,68.0,666.0,7.07,30.44
2025-11-20 17:00:00,17,3,0,11,883.0,25.9,0.104,1.55,294.0,17.5,71.0,534.0,18.28,71.19
2025-11-20 18:00:00,18,3,0,11,1032.0,21.6,0.068,2.04,344.0,19.2,67.0,221.0,29.27,129.0
2025-11-20 19:00:00,19,3,0,11,901.0,22.4,0.08,0.51,204.0,14.0,70.0,228.0,78.82,180.0
2025-11-20 20:00:00,20,3,0,11,549.0,29.2,0.097,5.18,312.0,14.2,73.0,277.0,12.71,35.49
2025-11-20 21:00:00,21,3,0,11,286.0,29.9,0.092,6.18,281.0,13.3,67.0,347.0,7.64,15.41
2025-11-20 22:00:00,22,3,0,11,166.0,34.4,0.089,6.07,267.0,11.2,71.0,371.0,11.65,19.55
2025-11-20 23:00:00,23,3,0,11,162.0,36.1,0.068,0.64,321.0,10.8,72.0,525.0,10.73,34.73
2025-11-21 00:00:00,0,4,0,11,216.0,36.5,0.096,2.84,179.0,11.9,67.0,343.0,11.4,24.68
2025-11-21 01:00:00,1,4,0,11,91.0,35.3,0.073,5.87,345.0,10.4,74.0,334.0,7.3,13.75
2025-11-21 02:00:00,2,4,0,11,116.0,35.6,0.102,12.0,53.0,11.9,72.0,478.0,9.28,5.98
2025-11-21 03:00:00,3,4,0,11,186.0,37.0,0.115,1.77,57.0,15.3,69.0,372.0,12.53,31.78
2025-11-21 04:00:00,4,4,0,11,246.0,36.5,0.12,4.24,160.0,15.7,70.0,340.0,6.16,21.11
2025-11-21 05:00:00,5,4,0,11,329.0,32.1,0.128,1.38,335.0,16.3,71.0,274.0,16.51,61.97
2025-11-21 06:00:00,6,4,0,11,521.0,31.4,0.143,0.41,344.0,17.3,68.0,399.0,33.6,165.79
2025-11-21 07:00:00,7,4,0,11,840.0,25.1,0.122,0.4,89.0,16.8,66.0,490.0,40.3,180.0
2025-11-21 08:00:00,8,4,0,11,1019.0,22.6,0.095,3.04,261.0,19.1,67.0,704.0,14.13,37.82
2025-11-21 09:00:00,9,4,0,11,856.0,23.3,0.084,1.68,148.0,19.3,64.0,712.0,14.49,48.15
2025-11-21 10:00:00,10,4,0,11,519.0,27.7,0.09,2.58,45.0,20.6,72.0,766.0,12.02,27.32
2025-11-21 11:00:00,11,4,0,11,328.0,32.6,0.091,1.55,221.0,21.4,63.0,842.0,9.44,25.51
2025-11-21 12:00:00,12,4,0,11,315.0,31.4,0.082,3.67,72.0,21.3,67.0,906.0,10.46,18.18
2025-11-21 13:00:00,13,4,0,11,280.0,33.7,0.077,9.15,44.0,20.8,67.0,1053.0,7.59,10.31
2025-11-21 14:00:00,14,4,0,11,310.0,32.9,0.074,3.83,178.0,22.3,58.0,937.0,8.52,17.51
2025-11-21 15:00:00,15,4,0,11,385.0,30.5,0.064,2.32,71.0,20.3,72.0,910.0,6.95,18.38
2025-11-21 16:00:00,16,4,0,11,622.0,26.2,0.085,7.25,259.0,19.8,71.0,613.0,8.0,25.39
2025-11-21 17:00:00,17,4,0,11,933.0,24.8,0.079,2.45,261.0,17.7,72.0,532.0,14.58,51.49
2025-11-21 18:00:00,18,4,0,11,1036.0,20.4,0.072,3.12,69.0,15.8,74.0,564.0,10.6,42.4
2025-11-21 19:00:00,19,4,0,11,932.0,22.5,0.087,3.09,35.0,15.7,70.0,379.0,15.08,52.82
2025-11-21 20:00:00,20,4,0,11,637.0,31.7,0.081,2.15,172.0,13.8,69.0,495.0,12.84,50.1
2025-11-21 21:00:00,21,4,0,11,297.0,33.1,0.075,3.73,283.0,14.9,67.0,313.0,9.69,24.07
2025-11-21 22:00:00,22,4,0,11,166.0,33.8,0.073,1.77,354.0,10.9,68.0,391.0,7.02,27.14
2025-11-21 23:00:00,23,4,0,11,98.0,35.8,0.075,1.22,308.0,11.5,69.0,327.0,9.02,29.21
2025-11-22 00:00:00,0,5,1,11,174.0,36.5,0.082,2.48,184.0,10.4,70.0,438.0,10.33,20.29
2025-11-22 01:00:00,1,5,1,11,159.0,34.4,0.07,0.59,329.0,9.3,75.0,395.0,14.87,46.45
2025-11-22 02:00:00,2,5,1,11,94.0,36.9,0.086,2.63,29.0,12.4,68.0,464.0,6.49,20.63
2025-11-22 03:00:00,3,5,1,11,110.0,34.9,0.106,5.77,3.0,13.2,71.0,317.0,9.32,11.57
2025-11-22 04:00:00,4,5,1,11,126.0,35.9,0.107,1.09,58.0,14.2,70.0,392.0,10.37,25.82
2025-11-22 05:00:00,5,5,1,11,224.0,33.5,0.133,3.47,165.0,13.8,62.0,194.0,10.58,28.44
2025-11-22 06:00:00,6,5,1,11,428.0,32.0,0.122,5.31,169.0,15.7,63.0,362.0,9.48,26.94
2025-11-22 07:00:00,7,5,1,11,659.0,29.4,0.124,7.91,275.0,17.1,67.0,467.0,9.63,26.65
2025-11-22 08:00:00,8,5,1,11,775.0,23.7,0.124,4.16,148.0,16.7,68.0,555.0,12.85,32.69
2025-11-22 09:00:00,9,5,1,11,697.0,27.6,0.113,12.0,234.0,22.3,63.0,723.0,9.35,17.36
2025-11-22 10:00:00,10,5,1,11,448.0,30.2,0.064,3.69,332.0,20.5,69.0,956.0,7.75,14.36
2025-11-22 11:00:00,11,5,1,11,303.0,34.3,0.065,1.04,26.0,21.6,70.0,924.0,9.43,36.98
2025-11-22 12:00:00,12,5,1,11,236.0,33.8,0.088,0.79,257.0,20.8,60.0,832.0,10.71,31.38
2025-11-22 13:00:00,13,5,1,11,244.0,33.9,0.086,0.75,325.0,22.3,68.0,948.0,11.5,30.05
2025-11-22 14:00:00,14,5,1,11,285.0,32.0,0.068,3.16,158.0,20.2,63.0,893.0,7.62,19.21
2025-11-22 15:00:00,15,5,1,11,326.0,34.3,0.077,1.19,118.0,20.9,61.0,665.0,9.79,36.12
2025-11-22 16:00:00,16,5,1,11,485.0,30.9,0.077,5.22,151.0,19.2,71.0,701.0,9.66,21.74
2025-11-22 17:00:00,17,5,1,11,718.0,24.5,0.087,2.53,277.0,15.9,68.0,541.0,13.34,35.71
2025-11-22 18:00:00,18,5,1,11,800.0,25.5,0.07,2.87,302.0,14.7,63.0,221.0,20.32,74.12
2025-11-22 19:00:00,19,5,1,11,713.0,27.1,0.087,5.58,157.0,15.9,74.0,444.0,7.72,26.77
2025-11-22 20:00:00,20,5,1,11,494.0,30.7,0.089,2.48,169.0,14.2,71.0,368.0,10.73,42.57
2025-11-22 21:00:00,21,5,1,11,223.0,31.9,0.088,2.58,116.0,11.8,73.0,371.0,10.39,27.63
2025-11-22 22:00:00,22,5,1,11,180.0,32.6,0.081,2.58,51.0,10.7,76.0,383.0,9.71,28.2
2025-11-22 23:00:00,23,5,1,11,163.0,36.1,0.079,3.02,291.0,12.3,76.0,175.0,8.29,35.84
2025-11-23 00:00:00,0,6,1,11,124.0,37.2,0.076,4.31,276.0,10.9,73.0,375.0,7.47,26.73
2025-11-23 01:00:00,1,6,1,11,71.0,35.1,0.103,9.16,93.0,12.3,68.0,278.0,9.56,22.46
2025-11-23 02:00:00,2,6,1,11,117.0,36.8,0.089,4.31,351.0,11.9,61.0,233.0,5.77,18.35
2025-11-23 03:00:00,3,6,1,11,119.0,35.5,0.087,4.03,268.0,13.3,71.0,438.0,7.87,16.97
2025-11-23 04:00:00,4,6,1,11,102.0,35.9,0.092,3.02,159.0,15.2,69.0,494.0,4.81,14.54
2025-11-23 05:00:00,5,6,1,11,152.0,34.1,0.127,1.26,115.0,15.9,71.0,384.0,10.89,34.91
2025-11-23 06:00:00,6,6,1,11,329.0,33.6,0.154,3.39,222.0,18.3,65.0,436.0,9.56,26.69
2025-11-23 07:00:00,7,6,1,11,520.0,30.7,0.134,4.92,160.0,16.8,58.0,557.0,8.88,31.87
2025-11-23 08:00:00,8,6,1,11,594.0,29.1,0.112,6.44,68.0,18.2,71.0,656.0,8.93,22.29
2025-11-23 09:00:00,9,6,1,11,519.0,29.8,0.103,2.34,178.0,21.3,65.0,916.0,11.23,31.01
2025-11-23 10:00:00,10,6,1,11,424.0,31.0,0.079,4.03,70.0,21.2,68.0,685.0,10.21,23.18
2025-11-23 11:00:00,11,6,1,11,224.0,33.3,0.099,3.27,135.0,20.9,68.0,944.0,9.21,19.05
2025-11-23 12:00:00,12,6,1,11,204.0,35.0,0.079,5.93,269.0,23.0,64.0,965.0,6.7,12.66
2025-11-23 13:00:00,13,6,1,11,211.0,34.6,0.07,0.5,342.0,19.8,64.0,801.0,11.57,36.52
2025-11-23 14:00:00,14,6,1,11,240.0,34.7,0.08,1.9,52.0,20.4,73.0,869.0,5.57,20.21
2025-11-23 15:00:00,15,6,1,11,275.0,33.2,0.07,1.81,102.0,20.6,65.0,733.0,9.73,24.96
2025-11-23 16:00:00,16,6,1,11,374.0,30.9,0.071,2.68,240.0,18.4,63.0,643.0,11.74,24.64
2025-11-23 17:00:00,17,6,1,11,518.0,32.5,0.086,1.64,357.0,16.9,73.0,461.0,15.06,47.45
2025-11-23 18:00:00,18,6,1,11,596.0,27.4,0.097,6.95,57.0,16.1,68.0,416.0,7.11,28.14
2025-11-23 19:00:00,19,6,1,11,485.0,31.3,0.099,7.27,226.0,15.4,66.0,340.0,11.09,23.0
2025-11-23 20:00:00,20,6,1,11,311.0,32.5,0.073,1.15,280.0,13.7,66.0,457.0,12.33,45.02
2025-11-23 21:00:00,21,6,1,11,149.0,36.7,0.091,0.4,169.0,14.1,73.0,383.0,14.31,58.92
2025-11-23 22:00:00,22,6,1,11,136.0,35.6,0.086,6.9,129.0,11.2,77.0,346.0,5.09,16.53
2025-11-23 23:00:00,23,6,1,11,104.0,37.8,0.096,8.55,241.0,10.7,74.0,194.0,7.1,15.79
2025-11-24 00:00:00,0,0,0,11,197.0,37.5,0.064,1.51,154.0,11.6,68.0,316.0,13.13,32.24
2025-11-24 01:00:00,1,0,0,11,171.0,36.9,0.091,4.47,172.0,12.6,67.0,418.0,8.98,15.54
2025-11-24 02:00:00,2,0,0,11,136.0,35.7,0.078,2.42,185.0,12.3,75.0,477.0,8.47,21.92
2025-11-24 03:00:00,3,0,0,11,164.0,36.8,0.077,4.56,223.0,11.5,72.0,335.0,12.88,13.63
2025-11-24 04:00:00,4,0,0,11,146.0,35.4,0.105,1.45,9.0,13.2,67.0,342.0,12.92,33.72
2025-11-24 05:00:00,5,0,0,11,278.0,33.4,0.124,5.61,91.0,14.3,75.0,311.0,9.63,28.92
2025-11-24 06:00:00,6,0,0,11,438.0,30.6,0.121,2.82,175.0,15.5,73.0,395.0,13.29,37.56
2025-11-24 07:00:00,7,0,0,11,883.0,23.3,0.137,5.12,152.0,18.6,59.0,508.0,14.6,33.23
2025-11-24 08:00:00,8,0,0,11,1014.0,23.3,0.106,0.4,276.0,18.6,66.0,618.0,41.36,180.0
2025-11-24 09:00:00,9,0,0,11,883.0,25.4,0.088,0.75,142.0,19.7,66.0,670.0,25.76,104.62
2025-11-24 10:00:00,10,0,0,11,541.0,29.4,0.079,3.17,17.0,19.8,62.0,893.0,7.73,22.08
2025-11-24 11:00:00,11,0,0,11,366.0,33.7,0.089,5.27,96.0,21.1,65.0,789.0,8.4,18.58
2025-11-24 12:00:00,12,0,0,11,343.0,32.8,0.082,3.42,147.0,22.2,71.0,998.0,8.68,23.06
2025-11-24 13:00:00,13,0,0,11,276.0,34.9,0.076,1.78,174.0,21.8,68.0,951.0,10.1,25.38
2025-11-24 14:00:00,14,0,0,11,291.0,33.7,0.079,3.6,81.0,19.5,65.0,819.0,10.66,16.52
2025-11-24 15:00:00,15,0,0,11,338.0,33.4,0.084,2.78,44.0,20.3,59.0,707.0,8.08,23.9
2025-11-24 16:00:00,16,0,0,11,603.0,27.8,0.064,5.16,160.0,20.2,63.0,620.0,9.78,24.45
2025-11-24 17:00:00,17,0,0,11,874.0,24.6,0.096,3.57,166.0,17.5,67.0,533.0,12.85,38.79
2025-11-24 18:00:00,18,0,0,11,965.0,24.2,0.077,9.83,162.0,17.1,65.0,416.0,9.95,26.67
2025-11-24 19:00:00,19,0,0,11,887.0,21.5,0.074,0.63,141.0,14.7,73.0,287.0,50.95,180.0
2025-11-24 20:00:00,20,0,0,11,527.0,29.4,0.097,2.6,229.0,12.9,73.0,232.0,16.88,59.44
2025-11-24 21:00:00,21,0,0,11,294.0,31.9,0.081,3.32,42.0,13.1,72.0,432.0,10.23,25.63
2025-11-24 22:00:00,22,0,0,11,122.0,34.9,0.088,1.29,42.0,12.8,77.0,300.0,12.36,28.69
2025-11-24 23:00:00,23,0,0,11,210.0,34.1,0.07,5.31,218.0,10.7,69.0,248.0,9.75,19.24
2025-11-25 00:00:00,0,1,0,11,154.0,34.7,0.077,4.37,263.0,12.4,77.0,314.0,8.86,17.1
2025-11-25 01:00:00,1,1,0,11,148.0,34.3,0.077,1.69,282.0,12.4,71.0,252.0,11.08,34.86
2025-11-25 02:00:00,2,1,0,11,138.0,33.3,0.073,1.58,49.0,12.3,66.0,340.0,12.05,30.08
2025-11-25 03:00:00,3,1,0,11,150.0,36.2,0.113,3.12,61.0,14.3,68.0,161.0,12.34,33.44
2025-11-25 04:00:00,4,1,0,11,183.0,32.3,0.106,1.65,285.0,14.4,69.0,296.0,10.7,36.7
2025-11-25 05:00:00,5,1,0,11,297.0,32.2,0.122,8.98,76.0,16.5,68.0,347.0,6.94,24.98
2025-11-25 06:00:00,6,1,0,11,569.0,28.6,0.126,4.46,183.0,16.4,74.0,245.0,12.94,48.95
2025-11-25 07:00:00,7,1,0,11,704.0,28.4,0.127,3.32,180.0,18.6,68.0,445.0,12.41,36.2
2025-11-25 08:00:00,8,1,0,11,967.0,25.1,0.095,1.68,47.0,19.8,59.0,607.0,14.65,62.6
2025-11-25 09:00:00,9,1,0,11,796.0,25.7,0.097,1.07,139.0,19.5,66.0,859.0,16.8,61.75
2025-11-25 10:00:00,10,1,0,11,512.0,31.6,0.09,6.2,140.0,22.5,59.0,920.0,7.15,20.85
2025-11-25 11:00:00,11,1,0,11,316.0,31.5,0.093,1.98,347.0,20.6,69.0,969.0,10.18,21.12
2025-11-25 12:00:00,12,1,0,11,309.0,32.1,0.077,5.61,56.0,21.4,67.0,906.0,9.04,10.8
2025-11-25 13:00:00,13,1,0,11,341.0,31.2,0.087,0.4,32.0,19.6,71.0,902.0,13.38,50.73
2025-11-25 14:00:00,14,1,0,11,272.0,34.8,0.088,1.41,244.0,22.0,60.0,819.0,8.79,29.8
2025-11-25 15:00:00,15,1,0,11,421.0,28.9,0.082,4.04,226.0,21.2,65.0,910.0,6.8,22.47
2025-11-25 16:00:00,16,1,0,11,587.0,27.9,0.09,2.01,302.0,20.3,72.0,635.0,11.79,37.55
2025-11-25 17:00:00,17,1,0,11,890.0,23.1,0.093,2.63,352.0,17.2,63.0,521.0,15.84,49.12
2025-11-25 18:00:00,18,1,0,11,1013.0,21.8,0.092,1.82,56.0,17.3,64.0,361.0,21.48,100.4
2025-11-25 19:00:00,19,1,0,11,835.0,27.6,0.078,1.49,18.0,14.6,66.0,257.0,26.95,123.37
2025-11-25 20:00:00,20,1,0,11,603.0,27.3,0.085,2.05,86.0,14.3,68.0,538.0,13.1,33.36
2025-11-25 21:00:00,21,1,0,11,294.0,35.3,0.087,4.62,153.0,14.5,72.0,319.0,12.94,26.36
2025-11-25 22:00:00,22,1,0,11,193.0,31.1,0.079,2.59,258.0,12.9,71.0,317.0,10.67,24.84
2025-11-25 23:00:00,23,1,0,11,155.0,38.0,0.084,3.56,126.0,10.5,74.0,329.0,10.31,22.48
2025-11-26 00:00:00,0,2,0,11,137.0,35.7,0.072,3.18,259.0,9.5,76.0,362.0,11.48,21.01
2025-11-26 01:00:00,1,2,0,11,140.0,34.1,0.079,1.24,96.0,13.3,59.0,269.0,11.58,35.15
2025-11-26 02:00:00,2,2,0,11,183.0,34.3,0.079,0.92,329.0,13.4,73.0,395.0,14.37,40.63
2025-11-26 03:00:00,3,2,0,11,204.0,36.5,0.1,2.15,122.0,14.3,74.0,366.0,10.17,26.41
2025-11-26 04:00:00,4,2,0,11,162.0,33.3,0.106,0.95,264.0,13.5,73.0,447.0,9.47,34.25
2025-11-26 05:00:00,5,2,0,11,252.0,32.7,0.122,1.16,343.0,15.0,67.0,375.0,12.57,48.58
2025-11-26 06:00:00,6,2,0,11,479.0,32.0,0.122,0.88,241.0,14.9,71.0,295.0,26.44,118.92
2025-11-26 07:00:00,7,2,0,11,823.0,24.3,0.12,5.14,135.0,18.9,64.0,453.0,11.98,31.39
2025-11-26 08:00:00,8,2,0,11,970.0,22.7,0.116,1.67,283.0,19.6,64.0,565.0,18.07,73.04
2025-11-26 09:00:00,9,2,0,11,898.0,24.1,0.096,3.82,347.0,19.2,69.0,955.0,11.54,25.26
2025-11-26 10:00:00,10,2,0,11,588.0,29.5,0.077,4.01,177.0,20.4,59.0,1099.0,8.39,22.57
2025-11-26 11:00:00,11,2,0,11,341.0,33.6,0.092,6.03,167.0,22.1,68.0,1101.0,8.37,20.65
2025-11-26 12:00:00,12,2,0,11,293.0,34.4,0.078,0.48,345.0,19.6,64.0,998.0,12.41,42.45
2025-11-26 13:00:00,13,2,0,11,232.0,36.2,0.087,7.47,122.0,22.6,64.0,1067.0,8.68,17.42
2025-11-26 14:00:00,14,2,0,11,308.0,32.8,0.076,5.4,117.0,19.4,64.0,929.0,7.16,22.02
2025-11-26 15:00:00,15,2,0,11,435.0,29.8,0.087,2.9,25.0,20.1,71.0,699.0,10.99,24.47
2025-11-26 16:00:00,16,2,0,11,666.0,28.7,0.092,1.62,254.0,19.2,69.0,663.0,12.75,44.03
2025-11-26 17:00:00,17,2,0,11,907.0,22.4,0.084,1.03,344.0,17.6,75.0,446.0,24.94,111.69
2025-11-26 18:00:00,18,2,0,11,1022.0,23.3,0.079,2.85,27.0,15.4,79.0,318.0,15.51,69.91
2025-11-26 19:00:00,19,2,0,11,939.0,23.2,0.079,3.0,163.0,14.9,67.0,400.0,15.67,52.25
2025-11-26 20:00:00,20,2,0,11,575.0,26.9,0.085,1.81,176.0,14.7,70.0,401.0,16.1,45.29
2025-11-26 21:00:00,21,2,0,11,244.0,31.8,0.07,1.65,68.0,13.4,64.0,469.0,13.06,34.22
2025-11-26 22:00:00,22,2,0,11,138.0,36.4,0.082,8.17,246.0,13.1,66.0,379.0,6.87,17.92
2025-11-26 23:00:00,23,2,0,11,150.0,36.9,0.077,1.9,308.0,11.1,75.0,357.0,8.99,25.27
2025-11-27 00:00:00,0,3,0,11,113.0,37.3,0.087,0.6,188.0,12.5,63.0,380.0,15.0,37.34
2025-11-27 01:00:00,1,3,0,11,143.0,36.4,0.097,3.08,134.0,12.8,65.0,354.0,8.13,22.87
2025-11-27 02:00:00,2,3,0,11,157.0,31.5,0.055,0.53,352.0,13.4,66.0,487.0,12.78,35.82
2025-11-27 03:00:00,3,3,0,11,189.0,35.9,0.099,0.65,200.0,12.5,67.0,314.0,16.66,63.25
2025-11-27 04:00:00,4,3,0,11,219.0,33.4,0.102,6.85,266.0,14.7,64.0,261.0,11.69,25.96
2025-11-27 05:00:00,5,3,0,11,164.0,36.4,0.137,0.5,157.0,12.9,67.0,464.0,15.64,54.96
2025-11-27 06:00:00,6,3,0,11,498.0,29.0,0.137,4.84,93.0,17.2,67.0,392.0,8.9,29.47
2025-11-27 07:00:00,7,3,0,11,803.0,24.6,0.113,0.92,86.0,18.6,70.0,555.0,21.94,97.73
2025-11-27 08:00:00,8,3,0,11,931.0,22.0,0.108,1.15,213.0,20.0,66.0,818.0,15.59,70.2
2025-11-27 09:00:00,9,3,0,11,841.0,25.2,0.108,0.84,148.0,19.0,64.0,828.0,18.15,79.76
2025-11-27 10:00:00,10,3,0,11,568.0,30.6,0.076,4.64,340.0,21.1,51.0,905.0,7.09,21.05
2025-11-27 11:00:00,11,3,0,11,407.0,31.3,0.056,5.1,83.0,19.6,64.0,893.0,7.77,19.04
2025-11-27 12:00:00,12,3,0,11,347.0,31.7,0.073,4.48,194.0,22.3,66.0,896.0,8.0,24.93
2025-11-27 13:00:00,13,3,0,11,288.0,30.9,0.075,1.59,123.0,22.4,62.0,931.0,9.66,26.7
2025-11-27 14:00:00,14,3,0,11,386.0,33.7,0.085,4.22,264.0,20.3,63.0,881.0,8.26,19.12
2025-11-27 15:00:00,15,3,0,11,390.0,32.7,0.086,1.29,291.0,19.7,72.0,763.0,10.99,33.65
2025-11-27 16:00:00,16,3,0,11,641.0,27.5,0.077,5.24,101.0,17.7,64.0,595.0,9.91,22.37
2025-11-27 17:00:00,17,3,0,11,865.0,26.3,0.08,0.56,298.0,17.9,70.0,476.0,36.51,175.38
2025-11-27 18:00:00,18,3,0,11,1011.0,22.5,0.068,1.97,243.0,16.5,68.0,358.0,20.34,89.67
2025-11-27 19:00:00,19,3,0,11,900.0,23.5,0.087,6.67,246.0,13.2,74.0,330.0,11.0,33.51
2025-11-27 20:00:00,20,3,0,11,605.0,30.3,0.088,2.19,112.0,13.8,65.0,365.0,15.17,48.52
2025-11-27 21:00:00,21,3,0,11,310.0,33.5,0.069,3.85,41.0,13.9,71.0,342.0,6.27,26.29
2025-11-27 22:00:00,22,3,0,11,217.0,36.3,0.081,0.4,18.0,10.2,69.0,394.0,17.16,69.06
2025-11-27 23:00:00,23,3,0,11,157.0,36.5,0.092,3.29,153.0,11.8,65.0,261.0,11.51,20.43
2025-11-28 00:00:00,0,4,0,11,93.0,34.4,0.083,1.63,239.0,10.4,72.0,318.0,6.52,21.28
2025-11-28 01:00:00,1,4,0,11,167.0,34.4,0.086,4.2,96.0,11.2,64.0,414.0,7.01,16.71
2025-11-28 02:00:00,2,4,0,11,184.0,35.0,0.089,4.18,220.0,11.2,69.0,216.0,9.95,26.67
2025-11-28 03:00:00,3,4,0,11,146.0,37.4,0.088,6.48,238.0,13.1,72.0,463.0,9.04,22.43
2025-11-28 04:00:00,4,4,0,11,178.0,34.2,0.104,3.02,189.0,12.7,71.0,452.0,7.31,21.38
2025-11-28 05:00:00,5,4,0,11,239.0,35.8,0.122,6.99,75.0,15.3,68.0,267.0,9.31,23.14
2025-11-28 06:00:00,6,4,0,11,464.0,31.9,0.145,0.4,246.0,16.8,57.0,320.0,39.65,180.0
2025-11-28 07:00:00,7,4,0,11,798.0,27.9,0.142,4.01,31.0,18.1,77.0,435.0,13.89,45.22
2025-11-28 08:00:00,8,4,0,11,941.0,24.0,0.114,2.28,230.0,17.3,63.0,688.0,11.72,48.64
2025-11-28 09:00:00,9,4,0,11,850.0,21.7,0.106,1.56,356.0,19.8,66.0,609.0,18.19,57.49
2025-11-28 10:00:00,10,4,0,11,562.0,28.9,0.078,0.4,90.0,19.4,65.0,760.0,20.37,86.43
2025-11-28 11:00:00,11,4,0,11,376.0,34.0,0.095,4.54,195.0,20.5,71.0,1051.0,6.94,19.75
2025-11-28 12:00:00,12,4,0,11,271.0,33.6,0.073,4.96,328.0,20.6,65.0,997.0,8.66,11.38
2025-11-28 13:00:00,13,4,0,11,325.0,33.1,0.076,1.02,85.0,19.7,67.0,778.0,10.24,36.96
2025-11-28 14:00:00,14,4,0,11,251.0,36.0,0.08,4.88,329.0,22.0,71.0,1036.0,10.18,17.59
2025-11-28 15:00:00,15,4,0,11,400.0,32.5,0.08,0.5,250.0,21.2,69.0,740.0,18.52,67.88
2025-11-28 16:00:00,16,4,0,11,595.0,29.2,0.078,0.74,161.0,18.9,71.0,682.0,17.54,68.63
2025-11-28 17:00:00,17,4,0,11,915.0,24.0,0.081,3.83,113.0,16.2,65.0,372.0,12.48,51.12
2025-11-28 18:00:00,18,4,0,11,1025.0,20.9,0.074,5.12,176.0,17.5,63.0,503.0,12.18,32.73
2025-11-28 19:00:00,19,4,0,11,864.0,26.5,0.084,5.11,52.0,15.4,64.0,370.0,9.49,37.91
2025-11-28 20:00:00,20,4,0,11,553.0,29.6,0.076,2.57,247.0,13.4,73.0,418.0,12.14,35.4
2025-11-28 21:00:00,21,4,0,11,296.0,31.1,0.075,3.94,267.0,15.2,66.0,373.0,11.83,23.63
2025-11-28 22:00:00,22,4,0,11,187.0,36.2,0.074,3.85,319.0,14.2,68.0,343.0,9.78,17.99
2025-11-28 23:00:00,23,4,0,11,95.0,34.7,0.087,4.55,165.0,12.4,64.0,370.0,8.84,20.68
2025-11-29 00:00:00,0,5,1,11,155.0,33.9,0.076,4.64,284.0,11.5,71.0,406.0,8.89,22.14
2025-11-29 01:00:00,1,5,1,11,83.0,36.2,0.089,3.68,157.0,10.8,68.0,363.0,7.61,22.3
2025-11-29 02:00:00,2,5,1,11,106.0,35.5,0.064,1.77,93.0,12.9,71.0,150.0,9.77,35.33
2025-11-29 03:00:00,3,5,1,11,188.0,34.0,0.094,4.18,204.0,13.4,70.0,487.0,5.96,19.52
2025-11-29 04:00:00,4,5,1,11,128.0,35.5,0.107,1.67,115.0,14.3,66.0,285.0,9.87,32.09
2025-11-29 05:00:00,5,5,1,11,209.0,35.1,0.132,3.14,35.0,16.3,66.0,415.0,7.42,23.89
2025-11-29 06:00:00,6,5,1,11,369.0,32.1,0.146,1.72,297.0,15.8,71.0,273.0,15.21,60.51
2025-11-29 07:00:00,7,5,1,11,715.0,24.1,0.14,2.67,358.0,16.1,68.0,462.0,15.25,49.77
2025-11-29 08:00:00,8,5,1,11,743.0,26.4,0.105,9.13,156.0,19.7,64.0,681.0,9.4,21.77
2025-11-29 09:00:00,9,5,1,11,654.0,26.6,0.092,8.85,300.0,19.0,67.0,675.0,6.84,21.98
2025-11-29 10:00:00,10,5,1,11,466.0,32.6,0.087,8.85,239.0,18.4,71.0,909.0,7.99,17.73
2025-11-29 11:00:00,11,5,1,11,281.0,32.6,0.111,3.92,74.0,19.4,63.0,833.0,7.91,18.34
2025-11-29 12:00:00,12,5,1,11,222.0,35.1,0.077,1.18,114.0,21.0,66.0,1061.0,8.82,18.9
2025-11-29 13:00:00,13,5,1,11,266.0,32.3,0.075,1.95,181.0,19.0,65.0,819.0,8.83,17.83
2025-11-29 14:00:00,14,5,1,11,173.0,35.4,0.081,0.49,36.0,20.0,62.0,839.0,10.93,37.29
2025-11-29 15:00:00,15,5,1,11,282.0,37.3,0.079,4.55,91.0,20.5,71.0,852.0,5.21,18.83
2025-11-29 16:00:00,16,5,1,11,430.0,31.8,0.076,1.87,200.0,19.6,63.0,734.0,14.33,26.2
2025-11-29 17:00:00,17,5,1,11,721.0,26.7,0.09,5.82,288.0,16.5,64.0,486.0,9.97,21.28
2025-11-29 18:00:00,18,5,1,11,830.0,25.1,0.087,2.62,207.0,16.6,65.0,368.0,14.35,55.91
2025-11-29 19:00:00,19,5,1,11,689.0,28.2,0.09,2.42,307.0,14.5,72.0,260.0,17.45,73.32
2025-11-29 20:00:00,20,5,1,11,474.0,29.1,0.089,4.14,301.0,14.7,72.0,268.0,13.28,35.53
2025-11-29 21:00:00,21,5,1,11,200.0,33.7,0.078,1.97,323.0,12.4,71.0,346.0,10.59,32.23
2025-11-29 22:00:00,22,5,1,11,115.0,38.4,0.092,2.25,149.0,13.1,72.0,378.0,7.78,25.42
2025-11-29 23:00:00,23,5,1,11,126.0,33.0,0.105,1.35,232.0,12.8,73.0,358.0,9.42,32.62
